player,team,season,outcome_season,contract_type,status,yrs,apy,guarantees,games,targets,receptions,receiving_yards,predicted_receiving_yards,cost_percentile,production_percentile,value_gap,gm_category
Andrew Hawkins,Browns,2013,2014,RFA,Terminated,4,3.4,6.8,8,18,12,199,179.93886244586287,0.5952380952380952,0.09523809523809523,-0.5,Market-Aligned / Other
Devin Hester,Falcons,2013,2014,UFA,Terminated,3,3.0,3.5,16,0,0,0,117.58319212208359,0.5,0.07142857142857142,-0.4285714285714286,Market-Aligned / Other
Matt Slater,Patriots,2013,2014,Extension,Renegotiated,2,2.0,3.0,8,0,0,0,75.02400842102514,0.4166666666666667,0.023809523809523808,-0.3928571428571429,Market-Aligned / Other
Andre Roberts,Redskins,2013,2014,UFA,Terminated,4,4.0,5.25,16,76,43,471,473.9719245295669,0.7261904761904762,0.3333333333333333,-0.39285714285714285,Market-Aligned / Other
Miles Austin,Browns,2013,2014,SFA,Expired,1,2.0,0.3,11,49,24,244,394.5721790040975,0.4166666666666667,0.21428571428571427,-0.2023809523809524,Market-Aligned / Other
Kenny Britt,Rams,2013,2014,UFA,Expired,1,1.4,0.55,10,35,11,96,306.622679367207,0.35714285714285715,0.16666666666666666,-0.1904761904761905,Market-Aligned / Other
Jacoby Jones,Ravens,2013,2014,UFA,Terminated,4,3.0,3.5,12,67,37,455,470.8095350267165,0.5,0.30952380952380953,-0.19047619047619047,Market-Aligned / Other
Lance Moore,Steelers,2013,2014,SFA,Terminated,2,1.5,0.645,13,54,37,457,382.48712142480684,0.38095238095238093,0.19047619047619047,-0.19047619047619047,Market-Aligned / Other
Roddy White,Falcons,2013,2014,Extension,Terminated,3,6.0,7.55,13,97,63,711,654.9337451269623,0.8690476190476191,0.6904761904761905,-0.1785714285714286,Market-Aligned / Other
Jeremy Kerley,Jets,2013,2014,Extension,Terminated,4,3.5,3.841765,12,72,43,523,545.4242356549903,0.6428571428571429,0.5238095238095238,-0.11904761904761907,Market-Aligned / Other
Trindon Holliday,Giants,2013,2014,SFA,Terminated,1,0.7,0.1,15,0,0,0,93.03152675092565,0.16666666666666666,0.047619047619047616,-0.11904761904761904,Market-Aligned / Other
Emmanuel Sanders,Broncos,2013,2014,UFA,Renegotiated,3,5.0,6.0,16,112,67,740,689.8598687386608,0.8333333333333334,0.7380952380952381,-0.09523809523809523,Market-Aligned / Other
Golden Tate,Lions,2013,2014,UFA,Traded,5,6.2,10.5,16,98,64,898,768.7234754262468,0.9047619047619048,0.8571428571428571,-0.04761904761904767,High-Cost / High-Production
Josh Morgan,Bears,2013,2014,UFA,Expired,1,0.73,0.0,14,33,20,214,289.96654628384897,0.19047619047619047,0.14285714285714285,-0.047619047619047616,Market-Aligned / Other
Jordy Nelson,Packers,2013,2014,Extension,Terminated,4,9.7625,11.5,16,127,85,1314,949.783715430546,0.9761904761904762,0.9285714285714286,-0.04761904761904756,High-Cost / High-Production
Doug Baldwin,Seahawks,2013,2014,RFA,Renegotiated,3,4.333333,6.2,16,73,50,778,707.0558743275354,0.7857142857142857,0.7619047619047619,-0.023809523809523836,High-Cost / High-Production
Ted Ginn,Cardinals,2013,2014,UFA,Terminated,3,3.75,3.25,16,68,36,556,628.2794788869991,0.6904761904761905,0.6666666666666666,-0.023809523809523836,Market-Aligned / Other
Eddie Royal,Chargers,2013,2014,Other,Expired,1,3.5,3.5,15,67,47,631,615.9460257287885,0.6428571428571429,0.6190476190476191,-0.023809523809523836,Market-Aligned / Other
Brandon Marshall,Bears,2013,2014,Extension,Traded,3,10.0,14.8,16,163,100,1295,980.8308663309683,1.0,1.0,0.0,High-Cost / High-Production
DeSean Jackson,Redskins,2013,2014,SFA,Expired,3,8.0,16.0,16,125,82,1332,952.2911411869769,0.9523809523809523,0.9523809523809523,0.0,High-Cost / High-Production
Dexter McCluster,Titans,2013,2014,UFA,Terminated,3,3.0,4.0,15,83,53,511,537.5277376257407,0.5,0.5,0.0,Market-Aligned / Other
Anquan Boldin,49ers,2013,2014,UFA,Expired,2,6.0,5.5,16,129,85,1179,881.3453502273028,0.8690476190476191,0.9047619047619048,0.0357142857142857,High-Cost / High-Production
Eric Decker,Jets,2013,2014,UFA,Terminated,5,7.25,15.0,16,136,87,1288,970.5312846182579,0.9285714285714286,0.9761904761904762,0.04761904761904756,High-Cost / High-Production
Darrius Heyward-Bey,Steelers,2013,2014,UFA,Expired,1,0.795,0.065,15,64,29,309,449.1116270230921,0.21428571428571427,0.2619047619047619,0.047619047619047644,Market-Aligned / Other
Hakeem Nicks,Colts,2013,2014,UFA,Expired,1,4.0,2.25,15,101,56,896,733.8975155193899,0.7261904761904762,0.7857142857142857,0.059523809523809534,Market-Aligned / Other
Riley Cooper,Eagles,2013,2014,UFA,Terminated,5,4.5,8.0,16,84,47,835,787.5311321896444,0.8095238095238095,0.8809523809523809,0.0714285714285714,High-Cost / High-Production
Steve Smith Sr.,Ravens,2013,2014,SFA,Expired,3,3.5,3.5,15,110,64,745,660.6160463192533,0.6428571428571429,0.7142857142857143,0.0714285714285714,Market-Aligned / Other
Julian Edelman,Patriots,2013,2014,UFA,Renegotiated,4,4.25,6.0,16,151,105,1056,758.7149401225913,0.7619047619047619,0.8333333333333334,0.07142857142857151,High-Cost / High-Production
Brandon LaFell,Patriots,2013,2014,UFA,Terminated,3,3.1,3.0,15,85,49,627,624.4231817327999,0.5476190476190477,0.6428571428571429,0.09523809523809523,Market-Aligned / Other
Chris Hogan,Bills,2013,2014,ERFA,Expired,1,0.495,0.0,11,17,10,83,197.05521903785208,0.023809523809523808,0.11904761904761904,0.09523809523809523,Market-Aligned / Other
Austin Pettis,Rams,2013,2014,Other,Terminated,1,0.95,0.25,14,63,38,399,508.12584587660416,0.2619047619047619,0.38095238095238093,0.11904761904761901,Market-Aligned / Other
Vincent Brown,Raiders,2013,2014,SFA,Expired,1,0.988339,0.025,16,69,41,472,513.7758588800351,0.2857142857142857,0.40476190476190477,0.11904761904761907,Market-Aligned / Other
Santana Moss,Redskins,2013,2014,UFA,Expired,1,1.02,0.065,16,78,42,452,521.6324137756491,0.30952380952380953,0.4523809523809524,0.14285714285714285,Market-Aligned / Other
Jerricho Cotchery,Panthers,2013,2014,UFA,Expired,2,2.5,2.25,15,76,46,602,599.0706101419902,0.4523809523809524,0.5952380952380952,0.14285714285714285,Market-Aligned / Other
David Nelson,Jets,2013,2014,SFA,Terminated,1,0.645,0.0,12,61,36,423,461.7840709814049,0.11904761904761904,0.2857142857142857,0.16666666666666666,Market-Aligned / Other
Santonio Holmes,Bears,2013,2014,SFA,Terminated,1,0.855,0.0,10,59,23,456,515.9668775517962,0.23809523809523808,0.42857142857142855,0.19047619047619047,Market-Aligned / Other
Aldrick Robinson,Redskins,2013,2014,Extension,Terminated,1,0.57,0.0,13,46,18,365,441.2861348931449,0.047619047619047616,0.23809523809523808,0.19047619047619047,Market-Aligned / Other
Jason Avant,"",2013,2014,UFA,Terminated,1,1.05,0.15,15,76,38,447,553.946534915402,0.3333333333333333,0.5476190476190477,0.21428571428571436,Market-Aligned / Other
James Jones,Raiders,2013,2014,UFA,Terminated,3,3.333333,3.65,14,93,59,817,739.9818296623971,0.5714285714285714,0.8095238095238095,0.23809523809523814,Market-Aligned / Other
T.J. Graham,Jets,2013,2014,SFA,Terminated,2,0.615,0.0,16,58,23,361,478.1837392762729,0.07142857142857142,0.35714285714285715,0.2857142857142857,Market-Aligned / Other
Kris Durham,Titans,2013,2014,ERFA,Expired,1,0.645,0.0,16,85,38,490,537.3301577197506,0.11904761904761904,0.47619047619047616,0.3571428571428571,Market-Aligned / Other
Greg Little,Bengals,2013,2014,SFA,Terminated,2,0.645,0.695,16,99,41,465,590.9366854424915,0.11904761904761904,0.5714285714285714,0.45238095238095233,Market-Aligned / Other
Dwayne Harris,Giants,2014,2015,UFA,Terminated,5,3.5,7.1,16,12,7,116,159.27333990903458,0.6037735849056604,0.1320754716981132,-0.4716981132075472,Market-Aligned / Other
Danny Amendola,Patriots,2014,2015,Other,Renegotiated,3,4.75,0.5,15,42,27,200,223.3507215898821,0.7169811320754716,0.24528301886792453,-0.4716981132075471,Market-Aligned / Other
Marcus Easley,Bills,2014,2015,UFA,Terminated,4,1.75,2.2,6,0,0,0,50.70997903358563,0.41509433962264153,0.018867924528301886,-0.39622641509433965,Market-Aligned / Other
Rod Streater,Raiders,2014,2015,RFA,Expired,1,2.356,0.0,3,13,9,84,168.2356450171322,0.4811320754716981,0.1509433962264151,-0.33018867924528306,Market-Aligned / Other
Jacoby Jones,Steelers,2014,2015,SFA,Terminated,2,2.75,1.6,16,18,9,131,198.60017801551697,0.5094339622641509,0.20754716981132076,-0.3018867924528302,Market-Aligned / Other
Percy Harvin,Bills,2014,2015,SFA,Expired,1,6.0,5.9,13,78,51,483,382.33289897754014,0.7547169811320755,0.5283018867924528,-0.2264150943396227,Market-Aligned / Other
Leonard Hankerson,Falcons,2014,2015,UFA,Terminated,1,1.0,0.255,1,1,0,0,136.742731092117,0.29245283018867924,0.07547169811320754,-0.2169811320754717,Market-Aligned / Other
Ted Ginn,Panthers,2014,2015,SFA,Expired,2,2.1,1.7,16,26,14,190,220.18036120279112,0.4339622641509434,0.22641509433962265,-0.20754716981132076,Market-Aligned / Other
Michael Crabtree,Raiders,2014,2015,Extension,Terminated,4,8.5,5.5,16,108,68,698,632.4366601459768,0.8301886792452831,0.660377358490566,-0.16981132075471705,Market-Aligned / Other
Harry Douglas,Titans,2014,2015,SFA,Renegotiated,3,3.75,3.75,12,74,51,556,377.0994358855144,0.660377358490566,0.49056603773584906,-0.16981132075471694,Market-Aligned / Other
Brian Hartline,Browns,2014,2015,SFA,Terminated,2,3.0,3.0,16,63,39,474,302.36921650836854,0.5377358490566038,0.37735849056603776,-0.160377358490566,Market-Aligned / Other
Eric Weems,Falcons,2014,2015,UFA,Expired,2,1.14,0.0,10,11,10,102,171.621665500955,0.33962264150943394,0.18867924528301888,-0.15094339622641506,Market-Aligned / Other
Larry Fitzgerald,Cardinals,2014,2015,Other,Extended,2,11.0,22.0,14,104,63,784,729.702507278276,0.8962264150943396,0.7735849056603774,-0.12264150943396224,High-Cost / High-Production
Brandon Marshall,Jets,2014,2015,Other,Terminated,3,8.666667,9.0,13,106,61,721,714.2456009128236,0.8490566037735849,0.7358490566037735,-0.1132075471698114,Market-Aligned / Other
A.J. Green,Bengals,2014,2015,Extension,Expired,4,15.0,26.75,12,116,69,1041,897.668123358155,1.0,0.8867924528301887,-0.1132075471698113,High-Cost / High-Production
Dwayne Bowe,Browns,2014,2015,SFA,Terminated,2,6.5,9.0,15,95,60,754,682.5018775871446,0.7735849056603774,0.7169811320754716,-0.05660377358490576,Market-Aligned / Other
Steve Johnson,Chargers,2014,2015,SFA,Terminated,3,3.5,3.87,13,50,35,435,413.76447571867044,0.6037735849056604,0.5471698113207547,-0.05660377358490565,Market-Aligned / Other
Walt Powell,Bills,2014,2015,SFA,Terminated,3,0.6,0.0,4,0,0,0,79.04613720042171,0.07547169811320754,0.03773584905660377,-0.03773584905660377,Market-Aligned / Other
Bryan Walters,Jaguars,2014,2015,SFA,Expired,2,0.71,0.0,13,11,6,57,146.39074232888407,0.1509433962264151,0.11320754716981132,-0.037735849056603765,Market-Aligned / Other
T.Y. Hilton,Colts,2014,2015,Extension,Expired,5,13.0,11.0,15,131,82,1345,937.5378300008804,0.9245283018867925,0.9056603773584906,-0.018867924528301883,High-Cost / High-Production
Jarius Wright,Vikings,2014,2015,Extension,Terminated,4,3.7,4.342,15,62,42,588,549.3607322119141,0.6415094339622641,0.6226415094339622,-0.018867924528301883,Market-Aligned / Other
Torrey Smith,49ers,2014,2015,UFA,Terminated,5,8.0,8.75,15,92,49,767,741.585103481844,0.8113207547169812,0.8113207547169812,0.0,High-Cost / High-Production
Keshawn Martin,Patriots,2014,2015,Drafted,Expired,4,0.62814,0.41256,14,12,6,78,137.23818693099858,0.09433962264150944,0.09433962264150944,0.0,Market-Aligned / Other
Dez Bryant,Cowboys,2014,2015,Franchise,Terminated,5,14.0,32.0,16,137,88,1320,1065.7069752525242,0.9528301886792453,0.9622641509433962,0.009433962264150941,High-Cost / High-Production
Lance Moore,Lions,2014,2015,SFA,Expired,1,1.05,0.04,11,26,14,198,264.83610644583445,0.32075471698113206,0.33962264150943394,0.018867924528301883,Market-Aligned / Other
Julio Jones,Falcons,2014,2015,Extension,Extended,5,14.25,35.5,15,163,104,1593,1131.419835561491,0.9811320754716981,1.0,0.018867924528301883,High-Cost / High-Production
Cole Beasley,Cowboys,2014,2015,RFA,Expired,4,3.4015,5.0,15,49,37,420,427.7697200264832,0.5660377358490566,0.5849056603773585,0.018867924528301883,Market-Aligned / Other
Griff Whalen,Colts,2014,2015,SFA,Terminated,1,0.585,0.0,9,3,2,23,135.7802198941098,0.03773584905660377,0.05660377358490566,0.01886792452830189,Market-Aligned / Other
Demaryius Thomas,Broncos,2014,2015,Franchise,Traded,5,14.0,35.0,16,184,111,1619,1111.2298522822493,0.9528301886792453,0.9811320754716981,0.028301886792452824,High-Cost / High-Production
Jeremy Maclin,Chiefs,2014,2015,UFA,Terminated,5,11.0,22.5,16,143,85,1318,962.4852927406569,0.8962264150943396,0.9245283018867925,0.028301886792452824,High-Cost / High-Production
Jermaine Kearse,Seahawks,2014,2015,RFA,Expired,1,2.356,0.0,15,69,38,537,378.796244753077,0.4811320754716981,0.5094339622641509,0.028301886792452824,Market-Aligned / Other
T.J. Graham,Saints,2014,2015,SFA,Terminated,1,0.66,0.0,11,8,3,87,168.81424685050519,0.12264150943396226,0.16981132075471697,0.047169811320754707,Market-Aligned / Other
Darrius Heyward-Bey,Steelers,2014,2015,UFA,Expired,1,0.825,0.08,9,5,3,33,223.98206508888106,0.20754716981132076,0.2641509433962264,0.05660377358490565,Market-Aligned / Other
Wes Welker,Rams,2014,2015,SFA,Expired,1,1.17,0.0,14,64,49,464,348.35887528431095,0.3584905660377358,0.41509433962264153,0.0566037735849057,Market-Aligned / Other
Cecil Shorts,Texans,2014,2015,UFA,Renegotiated,2,3.0,1.75,13,110,53,557,480.4732726714591,0.5377358490566038,0.6037735849056604,0.06603773584905659,Market-Aligned / Other
Andre Johnson,Colts,2014,2015,SFA,Terminated,3,7.0,10.0,15,147,85,936,860.7736472410194,0.7924528301886793,0.8679245283018868,0.07547169811320753,High-Cost / High-Production
Randall Cobb,Packers,2014,2015,UFA,Expired,4,10.0,13.0,16,127,91,1287,1019.7981108691398,0.8679245283018868,0.9433962264150944,0.07547169811320753,High-Cost / High-Production
Hakeem Nicks,Titans,2014,2015,UFA,Terminated,1,1.4,0.1,15,68,38,405,356.5765607206292,0.37735849056603776,0.4528301886792453,0.07547169811320753,Market-Aligned / Other
Greg Jennings,Dolphins,2014,2015,SFA,Terminated,2,4.0,3.0,16,92,59,742,721.7165375135866,0.6792452830188679,0.7547169811320755,0.07547169811320764,Market-Aligned / Other
Seyi Ajirotutu,Eagles,2014,2015,UFA,Expired,1,0.825,0.38,16,12,4,45,226.38088119564645,0.20754716981132076,0.3018867924528302,0.09433962264150941,Market-Aligned / Other
Miles Austin,Eagles,2014,2015,UFA,Terminated,1,2.3,1.0,12,72,47,568,420.10438410683105,0.4528301886792453,0.5660377358490566,0.1132075471698113,Market-Aligned / Other
Denarius Moore,Bengals,2014,2015,UFA,Terminated,1,0.825,0.025,10,27,12,115,234.00102859638798,0.20754716981132076,0.32075471698113206,0.1132075471698113,Market-Aligned / Other
Eddie Royal,Bears,2014,2015,UFA,Terminated,3,5.0,10.0,16,91,62,778,771.6893509592086,0.7358490566037735,0.8490566037735849,0.1132075471698114,Market-Aligned / Other
Kenny Britt,Rams,2014,2015,UFA,Expired,2,4.575,3.55,16,84,48,748,760.1041590659889,0.6981132075471698,0.8301886792452831,0.1320754716981133,Market-Aligned / Other
Jason Avant,Chiefs,2014,2015,UFA,Expired,1,0.95,0.05,15,62,34,353,343.29917067330985,0.25471698113207547,0.39622641509433965,0.14150943396226418,Market-Aligned / Other
Vincent Brown,Colts,2014,2015,UFA,Terminated,1,0.66,0.0,6,21,12,118,224.33846625824552,0.12264150943396226,0.2830188679245283,0.16037735849056603,Market-Aligned / Other
Greg Salas,Bills,2014,2015,SFA,Expired,1,0.745,0.0,8,23,8,167,269.73218668314485,0.16981132075471697,0.3584905660377358,0.18867924528301885,Market-Aligned / Other
Marques Colston,Saints,2014,2015,Other,Terminated,2,3.5,2.305,15,99,59,902,737.0458926569205,0.6037735849056604,0.7924528301886793,0.18867924528301894,Market-Aligned / Other
Andre Holmes,Raiders,2014,2015,RFA,Expired,1,1.542,0.0,16,98,47,693,641.9229423876559,0.39622641509433965,0.6792452830188679,0.28301886792452824,Market-Aligned / Other
Nate Washington,Texans,2014,2015,UFA,Expired,1,1.0,0.03,16,72,40,647,568.7328513145893,0.29245283018867924,0.6415094339622641,0.3490566037735849,Market-Aligned / Other
Kamar Aiken,Ravens,2014,2015,ERFA,Expired,1,0.585,0.0,13,32,24,267,355.81059230681325,0.03773584905660377,0.4339622641509434,0.39622641509433965,Market-Aligned / Other
Chris Hogan,Bills,2014,2015,ERFA,Expired,1,0.585,0.0,13,61,41,426,369.80527056649134,0.03773584905660377,0.4716981132075472,0.4339622641509434,Market-Aligned / Other
James Jones,Giants,2014,2015,SFA,Terminated,1,0.95,0.03,16,112,73,666,681.4018186503015,0.25471698113207547,0.6981132075471698,0.4433962264150943,Market-Aligned / Other
Matt Slater,Patriots,2015,2016,Extension,Expired,1,1.8,0.6,13,1,0,0,109.08279421807983,0.6037735849056604,0.03773584905660377,-0.5660377358490566,Market-Aligned / Other
Devin Hester,Ravens,2015,2016,SFA,Terminated,1,1.1,0.1,5,0,0,0,120.18733144574716,0.4528301886792453,0.05660377358490566,-0.39622641509433965,Market-Aligned / Other
Russell Shepard,Buccaneers,2015,2016,RFA,Expired,1,1.671,0.0,11,9,3,28,154.62708123017026,0.5377358490566038,0.16981132075471697,-0.3679245283018868,Market-Aligned / Other
Greg Salas,Bills,2015,2016,UFA,Terminated,1,0.785,0.0,2,5,3,41,124.07745479166931,0.3584905660377358,0.07547169811320754,-0.2830188679245283,Market-Aligned / Other
Terrelle Pryor,Browns,2015,2016,RFA,Expired,1,1.671,0.0,2,8,1,42,199.38915661464017,0.5377358490566038,0.2830188679245283,-0.25471698113207547,Market-Aligned / Other
Chris Hogan,Patriots,2015,2016,RFA,Expired,3,4.0,7.5,15,59,36,450,300.9174167734385,0.7358490566037735,0.49056603773584906,-0.24528301886792447,Market-Aligned / Other
Mohamed Sanu,Patriots,2015,2016,UFA,Terminated,5,6.5,14.0,16,49,33,394,362.01833806499394,0.8490566037735849,0.6226415094339622,-0.2264150943396227,Market-Aligned / Other
Brandon Tate,Bills,2015,2016,SFA,Expired,1,0.76,0.0,15,3,2,59,126.88663196380081,0.32075471698113206,0.09433962264150944,-0.22641509433962262,Market-Aligned / Other
Rod Streater,49ers,2015,2016,UFA,Expired,1,0.81,0.11,1,1,1,8,157.88635041731135,0.37735849056603776,0.18867924528301888,-0.18867924528301888,Market-Aligned / Other
Keenan Allen,Chargers,2015,2016,Extension,Extended,4,11.25,20.656,8,89,67,725,583.2841476714667,0.9622641509433962,0.7924528301886793,-0.16981132075471694,High-Cost / High-Production
Tavon Austin,Rams,2015,2016,Extension,Renegotiated,4,10.555501,17.0,16,87,52,473,485.6852290262898,0.9056603773584906,0.7547169811320755,-0.15094339622641506,High-Cost / High-Production
Jaron Brown,Cardinals,2015,2016,Extension,Expired,1,1.5,0.635118,12,23,11,144,241.6253332412473,0.5,0.3584905660377358,-0.14150943396226418,Market-Aligned / Other
Andre Roberts,Lions,2015,2016,SFA,Expired,1,0.84,0.015,8,21,11,135,198.10966518046405,0.39622641509433965,0.2641509433962264,-0.13207547169811323,Market-Aligned / Other
Jeremy Kerley,49ers,2015,2016,SFA,Expired,1,0.85,0.05,16,26,16,152,199.61194329346324,0.41509433962264153,0.3018867924528302,-0.11320754716981135,Market-Aligned / Other
Percy Harvin,Bills,2015,2016,SFA,Expired,1,1.7175,0.0,5,30,19,218,279.0274298006657,0.5660377358490566,0.4528301886792453,-0.1132075471698113,Market-Aligned / Other
Mike Wallace,Ravens,2015,2016,SFA,Expired,2,5.75,4.5,15,72,39,473,449.4934811325665,0.8113207547169812,0.7169811320754716,-0.09433962264150952,Market-Aligned / Other
Jordan Norwood,Broncos,2015,2016,UFA,Expired,1,0.88,0.05,10,32,22,207,238.07732598342784,0.4339622641509434,0.33962264150943394,-0.09433962264150947,Market-Aligned / Other
Alshon Jeffery,Bears,2015,2016,Franchise,Expired,1,14.599,14.599,9,94,54,807,802.2552279382917,1.0,0.9056603773584906,-0.09433962264150941,High-Cost / High-Production
Tony Washington,Jaguars,2015,2016,SFA,Terminated,2,0.5325,0.0,2,0,0,0,80.63565644297495,0.09433962264150944,0.018867924528301886,-0.07547169811320756,Market-Aligned / Other
Brian Quick,Rams,2015,2016,UFA,Expired,1,1.75,1.5,9,32,10,102,325.83101028181886,0.5849056603773585,0.5094339622641509,-0.07547169811320753,Market-Aligned / Other
Keshawn Martin,Patriots,2015,2016,UFA,Terminated,2,1.5,0.6,9,37,24,269,277.54287561120475,0.5,0.4339622641509434,-0.06603773584905659,Market-Aligned / Other
Andre Holmes,Raiders,2015,2016,UFA,Expired,1,2.0,0.75,15,33,14,201,337.6893752518729,0.6415094339622641,0.5849056603773585,-0.05660377358490565,Market-Aligned / Other
Griff Whalen,Patriots,2015,2016,SFA,Terminated,1,0.675,0.0,12,26,19,205,178.1074802034906,0.2641509433962264,0.22641509433962265,-0.037735849056603765,Market-Aligned / Other
Michael Campanaro,Ravens,2015,2016,SFA,Expired,1,0.6,0.0,4,6,5,35,140.45211398097524,0.16037735849056603,0.1320754716981132,-0.028301886792452824,Market-Aligned / Other
Cecil Shorts,Texans,2015,2016,Other,Terminated,1,2.5,0.0,11,75,42,484,386.74001757251864,0.6698113207547169,0.6415094339622641,-0.028301886792452824,Market-Aligned / Other
Doug Baldwin,Seahawks,2015,2016,Extension,Terminated,4,11.5,12.0,16,103,78,1069,866.7508732711532,0.9811320754716981,0.9622641509433962,-0.018867924528301883,High-Cost / High-Production
Brandon LaFell,Bengals,2015,2016,SFA,Expired,1,2.5,1.0,11,74,37,515,388.2947604569305,0.6698113207547169,0.660377358490566,-0.009433962264150941,Market-Aligned / Other
Danny Amendola,Patriots,2015,2016,Other,Renegotiated,2,4.05,1.35,14,87,65,648,496.9358947550607,0.7547169811320755,0.7735849056603774,0.018867924528301883,High-Cost / High-Production
Marvin Jones,Lions,2015,2016,UFA,Expired,5,8.0,13.0,16,103,65,816,795.1608390179333,0.8679245283018868,0.8867924528301887,0.018867924528301883,High-Cost / High-Production
Rishard Matthews,Titans,2015,2016,UFA,Renegotiated,3,5.0,2.5,11,61,43,662,642.345003882738,0.7924528301886793,0.8301886792452831,0.037735849056603765,High-Cost / High-Production
Allen Hurns,Jaguars,2015,2016,Extension,Terminated,4,10.0125,16.0,15,105,64,1031,832.3529904199634,0.8867924528301887,0.9245283018867925,0.037735849056603765,High-Cost / High-Production
Jermaine Kearse,Jets,2015,2016,UFA,Expired,3,4.5,6.3,16,68,49,685,590.1878293044025,0.7735849056603774,0.8113207547169812,0.037735849056603765,High-Cost / High-Production
Larry Fitzgerald,Cardinals,2015,2016,Extension,Extended,1,11.0,0.0,16,145,109,1215,909.0835653881483,0.9339622641509434,0.9811320754716981,0.047169811320754707,High-Cost / High-Production
Darrius Heyward-Bey,Steelers,2015,2016,UFA,Expired,3,1.266667,0.4,14,39,21,314,328.36711319834103,0.4716981132075472,0.5283018867924528,0.05660377358490565,Market-Aligned / Other
Geremy Davis,Chargers,2015,2016,SFA,Expired,1,0.525,0.0,5,3,2,21,131.52491910668462,0.05660377358490566,0.11320754716981132,0.05660377358490566,Market-Aligned / Other
Emmanuel Sanders,Broncos,2015,2016,Extension,Traded,3,11.0,20.0,15,137,76,1135,928.3280072072357,0.9339622641509434,1.0,0.06603773584905659,High-Cost / High-Production
T.J. Jones,Lions,2015,2016,SFA,Expired,1,0.6,0.0,10,18,10,132,187.7291613998853,0.16037735849056603,0.24528301886792453,0.0849056603773585,Market-Aligned / Other
Mario Alford,Browns,2015,2016,SFA,Terminated,2,0.57,0.0,1,1,1,15,162.19300944383465,0.11320754716981132,0.20754716981132076,0.09433962264150944,Market-Aligned / Other
Marc Mariani,Titans,2015,2016,SFA,Expired,1,0.76,0.0,16,33,22,300,256.0593964393414,0.32075471698113206,0.41509433962264153,0.09433962264150947,Market-Aligned / Other
Travis Benjamin,Chargers,2015,2016,UFA,Renegotiated,4,6.0,13.0,16,125,68,966,834.7549493145754,0.8301886792452831,0.9433962264150944,0.1132075471698113,High-Cost / High-Production
Andre Johnson,Titans,2015,2016,SFA,Terminated,2,1.8675,0.0,16,77,41,503,450.4211724297756,0.6226415094339622,0.7358490566037735,0.1132075471698113,Market-Aligned / Other
Kasen Williams,Seahawks,2015,2016,SFA,Terminated,2,0.4575,0.0,1,1,1,8,153.71758527088602,0.018867924528301886,0.1509433962264151,0.1320754716981132,Market-Aligned / Other
Anquan Boldin,Lions,2015,2016,UFA,Expired,1,2.75,0.75,14,111,69,789,693.0681629270501,0.7169811320754716,0.8490566037735849,0.1320754716981133,Market-Aligned / Other
Dexter McCluster,Chargers,2015,2016,SFA,Expired,1,0.76,0.0,11,41,31,260,294.85215286006127,0.32075471698113206,0.4716981132075472,0.15094339622641512,Market-Aligned / Other
Adam Thielen,Vikings,2015,2016,ERFA,Expired,1,0.6,0.0,10,18,12,144,216.20075892836348,0.16037735849056603,0.32075471698113206,0.16037735849056603,Market-Aligned / Other
Devin Street,Colts,2015,2016,SFA,Terminated,2,0.645,0.0,11,13,7,114,241.65967620656738,0.2169811320754717,0.37735849056603776,0.16037735849056606,Market-Aligned / Other
Kamar Aiken,Ravens,2015,2016,RFA,Expired,1,2.553,0.0,16,127,75,944,730.0371071796384,0.6981132075471698,0.8679245283018868,0.16981132075471705,Market-Aligned / Other
Nick Williams,Falcons,2015,2016,SFA,Expired,2,0.645,0.0,11,25,17,159,243.1799113715496,0.2169811320754717,0.39622641509433965,0.17924528301886794,Market-Aligned / Other
Josh Huff,Buccaneers,2015,2016,SFA,Terminated,2,0.66,0.0,15,40,27,312,330.6445693633856,0.24528301886792453,0.5660377358490566,0.32075471698113206,Market-Aligned / Other
Justin Hunter,Bills,2015,2016,Other,Expired,1,0.727627,0.052627,9,31,22,264,350.936073452181,0.2830188679245283,0.6037735849056604,0.32075471698113206,Market-Aligned / Other
Jeremy Butler,Chargers,2015,2016,SFA,Expired,1,0.525,0.0,8,44,31,363,329.82915581278075,0.05660377358490566,0.5471698113207547,0.49056603773584906,Market-Aligned / Other
Dontrelle Inman,Chargers,2015,2016,ERFA,Expired,1,0.6,0.0,13,63,35,486,414.9369532366082,0.16037735849056603,0.6981132075471698,0.5377358490566038,Market-Aligned / Other
Seth Roberts,Raiders,2015,2016,ERFA,Expired,1,0.525,0.0,16,55,32,480,409.3980085855304,0.05660377358490566,0.6792452830188679,0.6226415094339622,Market-Aligned / Other
Markus Wheaton,Bears,2016,2017,UFA,Terminated,2,5.5,6.0,3,9,4,51,172.6314639263199,0.8125,0.15625,-0.65625,High-Cost / Lower-Production Review
Eric Weems,Titans,2016,2017,UFA,Terminated,2,1.3,0.275,16,0,0,0,64.73224172445822,0.453125,0.015625,-0.4375,Market-Aligned / Other
Andre Roberts,Falcons,2016,2017,UFA,Expired,1,1.8,0.75,16,25,14,188,160.79751161224888,0.546875,0.125,-0.421875,Market-Aligned / Other
Michael Campanaro,Ravens,2016,2017,RFA,Expired,1,1.2,0.25,3,1,0,0,143.23852505406862,0.4375,0.046875,-0.390625,Market-Aligned / Other
Brandon Tate,Bills,2016,2017,UFA,Expired,1,0.98,0.05,15,11,8,117,158.67754146959143,0.40625,0.09375,-0.3125,Market-Aligned / Other
Eric Decker,Titans,2016,2017,SFA,Expired,1,4.0,2.5,3,21,9,194,306.5120037969019,0.703125,0.453125,-0.25,Market-Aligned / Other
Russell Shepard,Panthers,2016,2017,UFA,Terminated,3,3.333333,2.1,13,40,23,341,307.62297779206625,0.671875,0.46875,-0.203125,Market-Aligned / Other
Torrey Smith,Eagles,2016,2017,SFA,Traded,3,5.0,0.5,12,49,20,267,403.7852636865931,0.765625,0.578125,-0.1875,Market-Aligned / Other
Griff Whalen,Ravens,2016,2017,SFA,Terminated,1,0.775,0.0,4,4,2,22,163.7309423659176,0.3203125,0.140625,-0.1796875,Market-Aligned / Other
Seth Roberts,Raiders,2016,2017,Extension,Terminated,2,5.2425,4.0,16,77,38,397,414.99160020595025,0.78125,0.609375,-0.171875,Market-Aligned / Other
Arrelious Benn,Jaguars,2016,2017,UFA,Expired,1,0.8825,0.1,12,10,5,116,195.33076178586015,0.390625,0.21875,-0.171875,Market-Aligned / Other
Aldrick Robinson,49ers,2016,2017,UFA,Terminated,2,2.0,0.5,13,32,20,323,292.9504234900468,0.5703125,0.40625,-0.1640625,Market-Aligned / Other
Quan Bray,Colts,2016,2017,ERFA,Terminated,1,0.615,0.0,6,4,3,36,123.44718042107071,0.1875,0.03125,-0.15625,Market-Aligned / Other
Alshon Jeffery,Eagles,2016,2017,Extension,Terminated,4,13.0,14.25,12,94,52,821,687.6419047741376,0.953125,0.796875,-0.15625,High-Cost / High-Production
Robert Woods,Rams,2016,2017,UFA,Extended,5,6.8,10.0,13,76,51,613,560.7608568241554,0.859375,0.703125,-0.15625,Market-Aligned / Other
Danny Amendola,Patriots,2016,2017,Other,Expired,1,1.7,1.35,12,29,23,243,253.55208662953694,0.484375,0.34375,-0.140625,Market-Aligned / Other
Jeremy Maclin,Ravens,2016,2017,SFA,Terminated,2,5.5,6.0,12,76,44,536,535.6895639817149,0.8125,0.6875,-0.125,Market-Aligned / Other
Jared Abbrederis,Lions,2016,2017,SFA,Terminated,1,0.615,0.0,2,2,1,8,156.28036740844183,0.1875,0.0625,-0.125,Market-Aligned / Other
Kamar Aiken,Colts,2016,2017,UFA,Expired,1,2.6,1.5,16,50,29,328,309.1985122551648,0.59375,0.484375,-0.109375,Market-Aligned / Other
Andre Holmes,Broncos,2016,2017,UFA,Terminated,3,1.716667,2.45,16,25,14,126,272.42310157049826,0.5,0.390625,-0.109375,Market-Aligned / Other
Deonte Thompson,Bears,2016,2017,UFA,Terminated,1,0.855,0.08,15,36,22,249,212.06456491087843,0.359375,0.265625,-0.09375,Market-Aligned / Other
Harry Douglas,Titans,2016,2017,Other,Expired,1,1.75,0.25,8,22,15,210,302.4261493123184,0.515625,0.4375,-0.078125,Market-Aligned / Other
Kenny Stills,Texans,2016,2017,UFA,Terminated,4,8.0,16.95,16,81,42,726,692.2007216671115,0.875,0.828125,-0.046875,High-Cost / High-Production
DeSean Jackson,Buccaneers,2016,2017,UFA,Traded,3,11.166667,20.0,15,100,56,1005,733.2662594761231,0.9375,0.890625,-0.046875,High-Cost / High-Production
Terrance Williams,Cowboys,2016,2017,UFA,Expired,4,4.25,9.5,15,61,44,594,509.8584408062723,0.71875,0.671875,-0.046875,Market-Aligned / Other
Davante Adams,Packers,2016,2017,Extension,Expired,4,14.5,18.0,16,121,75,997,848.6745402100473,0.96875,0.9375,-0.03125,High-Cost / High-Production
DeAndre Hopkins,Texans,2016,2017,Extension,Traded,5,16.2,36.5,16,151,78,954,849.4458020362054,0.984375,0.953125,-0.03125,High-Cost / High-Production
T.J. Jones,Lions,2016,2017,ERFA,Expired,1,0.69,0.0,3,14,5,93,207.8545082404561,0.265625,0.234375,-0.03125,Market-Aligned / Other
Maurice Harris,Redskins,2016,2017,SFA,Expired,2,0.585,0.0,7,12,8,66,157.45327497240424,0.1015625,0.078125,-0.0234375,Market-Aligned / Other
Tavarres King,Giants,2016,2017,SFA,Expired,1,0.69,0.0,3,4,2,50,209.5477423217563,0.265625,0.25,-0.015625,Market-Aligned / Other
Antonio Brown,Steelers,2016,2017,Extension,Traded,4,17.0,19.0,15,154,106,1284,1061.7539148481285,1.0,1.0,0.0,High-Cost / High-Production
Pierre Garcon,49ers,2016,2017,UFA,Expired,5,9.5,17.0,16,114,79,1041,778.0966292703773,0.90625,0.90625,0.0,High-Cost / High-Production
Marquise Goodwin,49ers,2016,2017,UFA,Renegotiated,2,3.0,4.45,14,68,29,431,501.50663821317255,0.65625,0.65625,0.0,Market-Aligned / Other
Larry Fitzgerald,Cardinals,2016,2017,Extension,Expired,1,11.0,0.0,16,150,107,1023,847.0048206301527,0.921875,0.921875,0.0,High-Cost / High-Production
Kalif Raymond,Giants,2016,2017,SFA,Terminated,2,0.585,0.0,4,2,0,0,159.49236338521933,0.1015625,0.109375,0.0078125,Market-Aligned / Other
Freddie Martino,Buccaneers,2016,2017,ERFA,Terminated,1,0.615,0.0,7,11,8,142,187.04252692656553,0.1875,0.203125,0.015625,Market-Aligned / Other
Brenton Bersin,Panthers,2016,2017,SFA,Terminated,1,0.69,0.0,2,6,2,17,229.18867839818458,0.265625,0.28125,0.015625,Market-Aligned / Other
Kendall Wright,Bears,2016,2017,UFA,Expired,1,2.0,1.0,11,43,29,416,404.8920062500925,0.5703125,0.59375,0.0234375,Market-Aligned / Other
Albert Wilson,Chiefs,2016,2017,RFA,Expired,1,1.797,0.0,14,51,31,279,385.06969856280153,0.53125,0.5625,0.03125,Market-Aligned / Other
Brandon Marshall,Giants,2016,2017,SFA,Terminated,2,5.5,5.0,15,128,59,788,701.5059920393179,0.8125,0.84375,0.03125,High-Cost / High-Production
Brandon LaFell,Bengals,2016,2017,UFA,Terminated,2,4.5,3.3,16,107,64,862,689.8207800722138,0.734375,0.8125,0.078125,Market-Aligned / Other
Jaelen Strong,Jaguars,2016,2017,SFA,Terminated,1,0.752183,0.0,6,24,14,131,267.43468052831025,0.296875,0.375,0.078125,Market-Aligned / Other
Kenny Britt,Browns,2016,2017,UFA,Terminated,4,8.125,10.5,15,111,68,1002,872.2922812236966,0.890625,0.96875,0.078125,High-Cost / High-Production
Ted Ginn,Saints,2016,2017,UFA,Expired,3,3.666667,3.0,16,95,54,752,655.1368548632659,0.6875,0.765625,0.078125,Market-Aligned / Other
Rashard Higgins,Browns,2016,2017,SFA,Expired,2,0.585,0.0,10,12,6,77,185.0934898288019,0.1015625,0.1875,0.0859375,Market-Aligned / Other
Dontrelle Inman,Bears,2016,2017,RFA,Expired,1,2.746,0.0,16,97,58,810,597.8908351157608,0.6171875,0.71875,0.1015625,Market-Aligned / Other
Brice Butler,Cowboys,2016,2017,UFA,Expired,1,1.1,0.3,14,32,16,219,363.25375839955876,0.421875,0.53125,0.109375,Market-Aligned / Other
Taylor Gabriel,Falcons,2016,2017,RFA,Expired,1,2.746,0.0,12,50,35,579,598.6913740427217,0.6171875,0.734375,0.1171875,Market-Aligned / Other
Bennie Fowler,Broncos,2016,2017,ERFA,Expired,1,0.615,0.0,12,24,11,145,247.176658239844,0.1875,0.3125,0.125,Market-Aligned / Other
Adam Thielen,Vikings,2016,2017,RFA,Renegotiated,4,4.8115,9.596,16,92,69,967,727.4235060466691,0.75,0.875,0.125,High-Cost / High-Production
Justin Hunter,Steelers,2016,2017,UFA,Expired,1,0.855,0.03,10,24,10,189,347.32025628215484,0.359375,0.5,0.140625,Market-Aligned / Other
Terrelle Pryor,Redskins,2016,2017,UFA,Expired,1,6.0,6.0,16,140,77,1007,916.734029680025,0.84375,0.984375,0.140625,High-Cost / High-Production
Kasen Williams,Browns,2016,2017,Practice,Expired,1,0.464984,0.0,1,1,0,0,180.79948104347545,0.015625,0.171875,0.15625,Market-Aligned / Other
Michael Floyd,Vikings,2016,2017,SFA,Expired,1,1.41,0.0,14,76,37,488,489.10647973903866,0.46875,0.640625,0.171875,Market-Aligned / Other
Jeremy Kerley,49ers,2016,2017,UFA,Terminated,3,2.8,2.8,16,115,64,667,720.7421057907312,0.640625,0.859375,0.21875,Market-Aligned / Other
Josh Bellamy,Bears,2016,2017,ERFA,Expired,1,0.775,0.0,13,38,19,282,374.4436704458732,0.3203125,0.546875,0.2265625,Market-Aligned / Other
Bryce Treggs,Browns,2016,2017,SFA,Terminated,2,0.585,0.0,6,12,3,80,251.90093900798786,0.1015625,0.328125,0.2265625,Market-Aligned / Other
Cobi Hamilton,Steelers,2016,2017,ERFA,Terminated,1,0.54,0.0,11,28,17,234,232.41862850041673,0.046875,0.296875,0.25,Market-Aligned / Other
Jordan Taylor,Broncos,2016,2017,ERFA,Expired,1,0.54,0.0,11,25,16,209,259.33361686286224,0.046875,0.359375,0.3125,Market-Aligned / Other
Brandon Coleman,Saints,2016,2017,ERFA,Expired,1,0.615,0.0,14,38,26,281,349.1674593654523,0.1875,0.515625,0.328125,Market-Aligned / Other
Geronimo Allison,Packers,2016,2017,ERFA,Expired,1,0.54,0.0,7,22,12,202,301.19326870111206,0.046875,0.421875,0.375,Market-Aligned / Other
Brian Quick,Redskins,2016,2017,UFA,Expired,1,0.855,0.08,16,77,41,564,602.8539189056872,0.359375,0.75,0.390625,Lower-Cost / High-Production Value
Adam Humphries,Buccaneers,2016,2017,ERFA,Expired,1,0.615,0.0,15,83,55,622,473.06126740002446,0.1875,0.625,0.4375,Market-Aligned / Other
Willie Snead,Saints,2016,2017,ERFA,Expired,1,0.615,0.0,15,104,72,895,655.6079624014932,0.1875,0.78125,0.59375,Lower-Cost / High-Production Value
Allen Robinson,Bears,2017,2018,UFA,Expired,3,14.0,18.0,1,1,1,17,208.11284775144176,0.9166666666666666,0.25,-0.6666666666666666,High-Cost / Lower-Production Review
Matt Slater,Patriots,2017,2018,UFA,Expired,2,2.5,1.0,6,0,0,0,53.24916657056985,0.625,0.013888888888888888,-0.6111111111111112,Market-Aligned / Other
Willie Snead,Ravens,2017,2018,RFA,Renegotiated,2,3.5,2.0,8,16,8,92,190.06674241515995,0.6944444444444444,0.19444444444444445,-0.5,Market-Aligned / Other
Tavon Austin,Cowboys,2017,2018,Other,Expired,1,7.0,5.0,14,22,13,47,242.37581220953436,0.8125,0.3333333333333333,-0.4791666666666667,High-Cost / Lower-Production Review
Alex Erickson,Bengals,2017,2018,Extension,Expired,2,2.025,0.5,16,16,12,180,178.1425251717352,0.5972222222222222,0.16666666666666666,-0.4305555555555556,Market-Aligned / Other
Dwayne Harris,Raiders,2017,2018,SFA,Expired,1,1.005,0.06,5,0,0,0,60.564281586216524,0.4236111111111111,0.027777777777777776,-0.3958333333333333,Market-Aligned / Other
Andre Roberts,Jets,2017,2018,UFA,Expired,1,1.005,0.09,16,4,1,12,142.0230213845966,0.4236111111111111,0.08333333333333333,-0.3402777777777778,Market-Aligned / Other
Jarius Wright,Panthers,2017,2018,SFA,Terminated,3,2.5,2.0,12,25,18,198,235.45420168920487,0.625,0.3194444444444444,-0.3055555555555556,Market-Aligned / Other
Odell Beckham Jr.,Giants,2017,2018,Extension,Traded,5,18.0,40.959,4,41,25,302,432.24898677305333,1.0,0.6944444444444444,-0.3055555555555556,Market-Aligned / Other
Donte Moncrief,Jaguars,2017,2018,UFA,Expired,1,9.6,9.6,12,47,26,391,375.4259704299635,0.8888888888888888,0.625,-0.26388888888888884,Market-Aligned / Other
Brandon Tate,Saints,2017,2018,SFA,Terminated,1,0.915,0.0,13,14,6,81,167.81082014125204,0.375,0.1388888888888889,-0.2361111111111111,Market-Aligned / Other
Cody Latimer,Giants,2017,2018,UFA,Expired,1,2.5,2.475,11,31,19,287,282.5573982161191,0.625,0.4027777777777778,-0.2222222222222222,Market-Aligned / Other
Tyler Lockett,Seahawks,2017,2018,Extension,Extended,3,10.6,11.0,16,71,45,555,440.2754288408123,0.9027777777777778,0.7083333333333334,-0.19444444444444442,Market-Aligned / Other
Taylor Gabriel,Bears,2017,2018,UFA,Terminated,4,6.5,14.0,16,51,33,378,373.4512322871442,0.7777777777777778,0.6111111111111112,-0.16666666666666663,Market-Aligned / Other
De'Anthony Thomas,Chiefs,2017,2018,UFA,Expired,1,0.88,0.09,14,16,14,143,191.9775430610953,0.3541666666666667,0.20833333333333334,-0.14583333333333334,Market-Aligned / Other
Terrelle Pryor,Jets,2017,2018,UFA,Terminated,1,4.5,2.0,8,37,20,240,364.659152019137,0.7083333333333334,0.5694444444444444,-0.13888888888888895,Market-Aligned / Other
Albert Wilson,Dolphins,2017,2018,UFA,Renegotiated,3,8.0,14.45,13,62,42,554,456.7202720399231,0.8680555555555556,0.7361111111111112,-0.13194444444444442,Market-Aligned / Other
Allen Hurns,Cowboys,2017,2018,SFA,Terminated,2,5.5,2.5,10,56,39,484,383.83882885544205,0.75,0.6388888888888888,-0.11111111111111116,Market-Aligned / Other
Russell Shepard,Giants,2017,2018,SFA,Expired,1,1.25,0.25,15,32,17,202,249.3299943698007,0.4652777777777778,0.3611111111111111,-0.10416666666666669,Market-Aligned / Other
Sammy Watkins,Chiefs,2017,2018,UFA,Renegotiated,3,16.0,30.0,15,70,39,593,620.6736965124505,0.9583333333333334,0.8611111111111112,-0.09722222222222221,High-Cost / High-Production
Nick Williams,Titans,2017,2018,SFA,Terminated,1,0.79,0.0,1,4,3,30,183.0619819305434,0.2708333333333333,0.18055555555555555,-0.09027777777777776,Market-Aligned / Other
Freddie Martino,Buccaneers,2017,2018,SFA,Terminated,1,0.705,0.0,7,6,5,96,158.41356446502584,0.2013888888888889,0.125,-0.0763888888888889,Market-Aligned / Other
Brian Quick,Redskins,2017,2018,UFA,Terminated,1,0.88,0.06,6,8,6,76,219.43008407698278,0.3541666666666667,0.2916666666666667,-0.0625,Market-Aligned / Other
T.J. Jones,Lions,2017,2018,RFA,Expired,1,1.907,0.0,13,49,30,399,318.58025576946505,0.5555555555555556,0.5,-0.05555555555555558,Market-Aligned / Other
Justin Hunter,Steelers,2017,2018,UFA,Expired,1,0.87,0.03,5,10,4,23,217.89035885066153,0.3333333333333333,0.2777777777777778,-0.055555555555555525,Market-Aligned / Other
John Brown,Ravens,2017,2018,UFA,Expired,1,5.0,4.0,10,55,21,299,428.15287498160393,0.7291666666666666,0.6805555555555556,-0.04861111111111105,Market-Aligned / Other
Jeremy Kerley,Bills,2017,2018,SFA,Terminated,1,0.96,0.0,8,27,22,217,244.35728092606303,0.3888888888888889,0.3472222222222222,-0.041666666666666685,Market-Aligned / Other
Brandon Marshall,Seahawks,2017,2018,SFA,Terminated,1,1.105,0.09,5,33,18,154,297.79178197109786,0.4444444444444444,0.4166666666666667,-0.027777777777777735,Market-Aligned / Other
Mike Evans,Buccaneers,2017,2018,Extension,Expired,5,16.5,38.258,15,136,71,1001,810.7792127942331,0.9861111111111112,0.9722222222222222,-0.01388888888888895,High-Cost / High-Production
Jordy Nelson,Raiders,2017,2018,SFA,Terminated,2,7.1,10.0,14,88,53,482,549.6202408684219,0.8333333333333334,0.8194444444444444,-0.01388888888888895,High-Cost / High-Production
Phillip Dorsett,Patriots,2017,2018,Other,Expired,1,1.394373,0.15,11,18,12,194,316.57923873992894,0.5,0.4861111111111111,-0.013888888888888895,Market-Aligned / Other
Victor Bolden,Bills,2017,2018,SFA,Traded,2,0.6,0.0,8,0,0,0,82.00082185892197,0.05555555555555555,0.041666666666666664,-0.013888888888888888,Market-Aligned / Other
Andy Jones,Lions,2017,2018,SFA,Terminated,2,0.6,0.0,1,0,0,0,95.24978357553283,0.05555555555555555,0.05555555555555555,0.0,Market-Aligned / Other
Jehu Chesson,Redskins,2017,2018,SFA,Terminated,2,0.6,0.0,6,4,2,18,115.56495713402629,0.05555555555555555,0.06944444444444445,0.013888888888888895,Market-Aligned / Other
Kaelin Clay,Giants,2017,2018,SFA,Terminated,1,0.72,0.09,13,20,6,85,206.6887724019429,0.2222222222222222,0.2361111111111111,0.013888888888888895,Market-Aligned / Other
Brandin Cooks,Rams,2017,2018,Extension,Traded,5,16.2,20.459,16,114,65,1082,861.6313786277384,0.9722222222222222,0.9861111111111112,0.01388888888888895,High-Cost / High-Production
Danny Amendola,Dolphins,2017,2018,UFA,Terminated,2,6.0,5.95,15,86,61,659,512.1895471402867,0.7638888888888888,0.7777777777777778,0.01388888888888895,High-Cost / High-Production
Stefon Diggs,Bills,2017,2018,Extension,Extended,5,14.4,16.907,14,95,64,849,761.8919041342746,0.9305555555555556,0.9583333333333334,0.02777777777777779,High-Cost / High-Production
Ryan Grant,Colts,2017,2018,UFA,Expired,1,5.0,5.0,16,65,45,573,489.3043751631575,0.7291666666666666,0.7638888888888888,0.03472222222222221,Market-Aligned / Other
Rishard Matthews,Titans,2017,2018,Extension,Terminated,1,7.75,0.0,14,87,53,795,661.5931327020814,0.8472222222222222,0.8888888888888888,0.04166666666666663,High-Cost / High-Production
Josh Bellamy,Bears,2017,2018,RFA,Expired,1,1.907,0.0,11,46,24,376,373.1279823646791,0.5555555555555556,0.5972222222222222,0.04166666666666663,Market-Aligned / Other
Paul Richardson,Redskins,2017,2018,UFA,Terminated,5,8.0,12.5,16,80,44,703,684.2340322260654,0.8680555555555556,0.9166666666666666,0.04861111111111105,High-Cost / High-Production
Bobo Wilson,Buccaneers,2017,2018,SFA,Terminated,2,0.6,0.0,3,1,1,18,155.78079645798195,0.05555555555555555,0.1111111111111111,0.05555555555555555,Market-Aligned / Other
Jarvis Landry,Browns,2017,2018,Franchise,Renegotiated,1,15.982,15.982,16,161,112,987,877.3319525878303,0.9444444444444444,1.0,0.05555555555555558,High-Cost / High-Production
Bruce Ellington,Texans,2017,2018,UFA,Terminated,1,1.25,0.2,11,57,29,330,341.846717449123,0.4652777777777778,0.5277777777777778,0.0625,Market-Aligned / Other
Jaron Brown,Seahawks,2017,2018,UFA,Terminated,2,2.75,2.75,16,69,31,477,445.28317339552933,0.6527777777777778,0.7222222222222222,0.06944444444444442,Market-Aligned / Other
Damiere Byrd,Panthers,2017,2018,ERFA,Expired,1,0.63,0.0,8,17,10,105,195.0095294591878,0.1388888888888889,0.2222222222222222,0.08333333333333331,Market-Aligned / Other
JoJo Natson,Rams,2017,2018,SFA,Terminated,1,0.555,0.0,7,5,2,18,154.99708118990438,0.013888888888888888,0.09722222222222222,0.08333333333333334,Market-Aligned / Other
Isaiah McKenzie,Broncos,2017,2018,SFA,Terminated,1,0.6,0.0,11,13,4,29,168.9942321458936,0.05555555555555555,0.1527777777777778,0.09722222222222224,Market-Aligned / Other
Brice Butler,Cardinals,2017,2018,UFA,Terminated,2,1.3,0.5,13,23,15,317,372.041316207437,0.4861111111111111,0.5833333333333334,0.09722222222222227,Market-Aligned / Other
Adam Humphries,Buccaneers,2017,2018,RFA,Expired,1,2.914,0.0,16,83,61,631,530.571935131186,0.6736111111111112,0.7916666666666666,0.11805555555555547,Market-Aligned / Other
Michael Crabtree,Ravens,2017,2018,SFA,Terminated,3,7.0,8.0,13,101,58,618,697.4767308767426,0.8125,0.9305555555555556,0.11805555555555558,High-Cost / High-Production
Michael Floyd,Saints,2017,2018,SFA,Terminated,1,0.79,0.0,10,17,10,78,267.5076383107964,0.2708333333333333,0.3888888888888889,0.11805555555555558,Market-Aligned / Other
Leonte Carroo,Dolphins,2017,2018,SFA,Expired,1,0.63,0.0,4,14,7,69,210.44664701653812,0.1388888888888889,0.2638888888888889,0.125,Market-Aligned / Other
Bennie Fowler,Bears,2017,2018,SFA,Terminated,1,1.0,0.2,16,56,29,350,344.9520064086361,0.4027777777777778,0.5416666666666666,0.13888888888888884,Market-Aligned / Other
Marquise Goodwin,Eagles,2017,2018,Extension,Terminated,3,6.666667,6.45,16,105,56,962,727.8444783780699,0.7916666666666666,0.9444444444444444,0.1527777777777778,High-Cost / High-Production
Tanner McEvoy,Dolphins,2017,2018,SFA,Terminated,1,0.63,0.0,10,9,5,113,229.32198402733312,0.1388888888888889,0.3055555555555556,0.16666666666666669,Market-Aligned / Other
Aldrick Robinson,Vikings,2017,2018,SFA,Expired,1,0.79,0.0,14,48,19,260,309.1401907663683,0.2708333333333333,0.4444444444444444,0.1736111111111111,Market-Aligned / Other
Tyrell Williams,Chargers,2017,2018,RFA,Expired,1,2.914,0.0,16,69,43,728,623.0548163349307,0.6736111111111112,0.875,0.20138888888888884,Market-Aligned / Other
Eli Rogers,Steelers,2017,2018,SFA,Renegotiated,1,0.63,0.0,12,36,18,149,266.9048720786606,0.1388888888888889,0.375,0.2361111111111111,Market-Aligned / Other
Brandon LaFell,Raiders,2017,2018,SFA,Expired,1,1.75,0.835,16,89,52,548,479.9851098932687,0.5138888888888888,0.75,0.23611111111111116,Market-Aligned / Other
Dontrelle Inman,Colts,2017,2018,SFA,Expired,1,0.79,0.0,10,44,25,343,334.4004311431121,0.2708333333333333,0.5138888888888888,0.24305555555555552,Market-Aligned / Other
Breshad Perriman,Redskins,2017,2018,SFA,Terminated,1,0.705,0.0,11,35,10,77,311.7147114215699,0.2013888888888889,0.4583333333333333,0.2569444444444444,Market-Aligned / Other
Deonte Thompson,Cowboys,2017,2018,UFA,Terminated,1,1.8,1.0,16,69,38,555,536.1934776904674,0.5277777777777778,0.8055555555555556,0.2777777777777778,Market-Aligned / Other
Kamar Aiken,Eagles,2017,2018,SFA,Terminated,1,0.79,0.0,14,44,15,133,349.9779401435421,0.2708333333333333,0.5555555555555556,0.28472222222222227,Market-Aligned / Other
Martavis Bryant,Raiders,2017,2018,SFA,Expired,1,1.907,0.0,15,84,50,603,587.378018811464,0.5555555555555556,0.8472222222222222,0.29166666666666663,Market-Aligned / Other
Geronimo Allison,Packers,2017,2018,ERFA,Expired,1,0.63,0.0,12,39,23,253,304.42456052459886,0.1388888888888889,0.4305555555555556,0.2916666666666667,Market-Aligned / Other
Mike Wallace,Eagles,2017,2018,UFA,Expired,1,1.915,1.915,15,92,52,748,681.1290605516881,0.5833333333333334,0.9027777777777778,0.3194444444444444,Market-Aligned / Other
Johnny Holton,Raiders,2017,2018,SFA,Terminated,1,0.63,0.0,14,18,9,218,312.3090732362239,0.1388888888888889,0.4722222222222222,0.3333333333333333,Market-Aligned / Other
Josh Gordon,Browns,2017,2018,ERFA,Traded,1,0.790001,0.0,5,42,18,335,392.5772169316186,0.3194444444444444,0.6527777777777778,0.33333333333333337,Market-Aligned / Other
Corey Coleman,Patriots,2017,2018,SFA,Terminated,1,0.63,0.0,9,58,23,305,398.29470946774217,0.1388888888888889,0.6666666666666666,0.5277777777777777,Market-Aligned / Other
Kelvin Benjamin,Chiefs,2017,2018,SFA,Expired,1,0.79,0.0,14,77,47,671,573.4539562179884,0.2708333333333333,0.8333333333333334,0.5625,Lower-Cost / High-Production Value
Andre Roberts,Bills,2018,2019,UFA,Terminated,2,2.3,3.0,16,18,10,79,127.98963557607264,0.5822784810126582,0.11392405063291139,-0.46835443037974683,Market-Aligned / Other
Dwayne Harris,Raiders,2018,2019,UFA,Expired,1,1.6,0.275,15,6,6,40,135.27090854913428,0.5063291139240507,0.1518987341772152,-0.35443037974683544,Market-Aligned / Other
Geremy Davis,Chargers,2018,2019,UFA,Expired,1,0.895,0.025,5,1,0,0,95.68887729849187,0.3924050632911392,0.05063291139240506,-0.34177215189873417,Market-Aligned / Other
Jakeem Grant,Dolphins,2018,2019,Extension,Renegotiated,4,4.925,3.72,10,34,21,268,309.33758892912994,0.7468354430379747,0.46835443037974683,-0.27848101265822783,Market-Aligned / Other
De'Anthony Thomas,Chiefs,2018,2019,SFA,Terminated,1,0.805,0.0,5,5,3,29,113.74574572253238,0.36075949367088606,0.08860759493670886,-0.2721518987341772,Market-Aligned / Other
Pharoh Cooper,Cardinals,2018,2019,SFA,Expired,1,0.72,0.0,7,1,0,0,100.12167248298933,0.3227848101265823,0.06329113924050633,-0.25949367088607594,Market-Aligned / Other
Jamison Crowder,Jets,2018,2019,UFA,Renegotiated,3,9.5,17.0,9,49,29,388,431.28851544498707,0.8607594936708861,0.6329113924050633,-0.22784810126582278,Market-Aligned / Other
Jaydon Mickens,Buccaneers,2018,2019,SFA,Terminated,2,0.6525,0.0,6,0,0,0,69.59788881987558,0.24050632911392406,0.012658227848101266,-0.22784810126582278,Market-Aligned / Other
DeVante Parker,Dolphins,2018,2019,Extension,Traded,3,10.166667,14.0,11,47,24,309,452.03316868493533,0.8860759493670886,0.6582278481012658,-0.22784810126582278,Market-Aligned / Other
Josh Bellamy,Jets,2018,2019,UFA,Terminated,2,2.5,2.75,14,25,14,117,241.29752615676801,0.5949367088607594,0.3670886075949367,-0.22784810126582272,Market-Aligned / Other
Travis Benjamin,Chargers,2018,2019,Other,Expired,1,4.0,3.0,12,24,12,186,310.3823657407659,0.7025316455696202,0.4810126582278481,-0.2215189873417721,Market-Aligned / Other
Damiere Byrd,Cardinals,2018,2019,SFA,Expired,1,0.72,0.0,7,2,1,8,130.95375002769813,0.3227848101265823,0.12658227848101267,-0.1962025316455696,Market-Aligned / Other
Randall Cobb,Cowboys,2018,2019,UFA,Expired,1,5.0,4.0,9,61,38,383,385.72937717650444,0.759493670886076,0.569620253164557,-0.189873417721519,Market-Aligned / Other
JoJo Natson,Rams,2018,2019,ERFA,Terminated,1,0.645,0.0,13,0,0,0,77.89619682191037,0.21518987341772153,0.02531645569620253,-0.189873417721519,Market-Aligned / Other
Allen Hurns,Dolphins,2018,2019,Extension,Terminated,2,3.5,2.020588,14,35,20,295,335.461800761874,0.6835443037974683,0.4936708860759494,-0.18987341772151894,Market-Aligned / Other
Tavon Austin,Cowboys,2018,2019,UFA,Expired,1,1.75,0.5,7,13,8,140,229.0498121327653,0.5189873417721519,0.34177215189873417,-0.17721518987341772,Market-Aligned / Other
Geronimo Allison,Packers,2018,2019,RFA,Expired,1,2.8,0.75,5,30,20,303,307.4554214937364,0.620253164556962,0.45569620253164556,-0.16455696202531644,Market-Aligned / Other
Da'Mari Scott,Giants,2018,2019,SFA,Terminated,2,0.615,0.0,1,0,0,0,88.18396245042881,0.17721518987341772,0.0379746835443038,-0.13924050632911392,Market-Aligned / Other
Tyrell Williams,Raiders,2018,2019,UFA,Terminated,4,11.1,10.0,15,65,41,653,636.9279273912473,0.9367088607594937,0.7974683544303798,-0.1392405063291139,High-Cost / High-Production
Devin Funchess,Colts,2018,2019,UFA,Expired,1,10.0,7.0,14,79,44,549,566.5548663084151,0.8734177215189873,0.7468354430379747,-0.12658227848101267,Market-Aligned / Other
Breshad Perriman,Buccaneers,2018,2019,UFA,Expired,1,4.0,4.0,10,25,16,340,387.578862146351,0.7025316455696202,0.5822784810126582,-0.120253164556962,Market-Aligned / Other
Russell Shepard,Giants,2018,2019,UFA,Expired,1,1.5,0.7,8,19,10,188,244.6135614231488,0.47468354430379744,0.379746835443038,-0.09493670886075944,Market-Aligned / Other
Danny Amendola,Lions,2018,2019,SFA,Expired,1,4.5,4.25,15,79,59,575,444.27692357237225,0.7278481012658228,0.6455696202531646,-0.08227848101265822,Market-Aligned / Other
Cody Latimer,Giants,2018,2019,UFA,Expired,1,1.5,0.4,6,16,11,190,248.181941997248,0.47468354430379744,0.3924050632911392,-0.08227848101265822,Market-Aligned / Other
T.J. Jones,Giants,2018,2019,SFA,Terminated,1,0.805,0.0,12,27,19,190,187.48910693966897,0.36075949367088606,0.27848101265822783,-0.08227848101265822,Market-Aligned / Other
Justin Hardy,Falcons,2018,2019,UFA,Expired,1,0.895,0.09,16,22,14,133,202.9709779066998,0.3924050632911392,0.31645569620253167,-0.07594936708860756,Market-Aligned / Other
Darius Jennings,Titans,2018,2019,SFA,Expired,1,0.72,0.0,14,15,11,101,173.251368287783,0.3227848101265823,0.25316455696202533,-0.06962025316455694,Market-Aligned / Other
J.J. Nelson,Raiders,2018,2019,UFA,Terminated,1,1.0,0.075,9,19,7,64,237.61543453569092,0.4240506329113924,0.35443037974683544,-0.06962025316455694,Market-Aligned / Other
Johnny Holton,Steelers,2018,2019,SFA,Terminated,2,0.69,0.0,1,1,0,0,159.90021516146595,0.27848101265822783,0.21518987341772153,-0.0632911392405063,Market-Aligned / Other
Larry Fitzgerald,Cardinals,2018,2019,UFA,Expired,1,11.0,11.0,16,112,69,734,692.5563004346465,0.9240506329113924,0.8734177215189873,-0.05063291139240511,High-Cost / High-Production
Cole Beasley,Bills,2018,2019,UFA,Terminated,4,7.25,10.7,16,87,65,672,544.3882606333763,0.7848101265822784,0.7341772151898734,-0.050632911392405,Market-Aligned / Other
Chester Rogers,Colts,2018,2019,RFA,Expired,1,3.095,0.0,16,72,53,485,408.5600804037092,0.6518987341772152,0.6075949367088608,-0.044303797468354444,Market-Aligned / Other
Jaron Brown,Seahawks,2018,2019,SFA,Expired,1,1.5,0.0,12,19,14,166,279.0791369840834,0.47468354430379744,0.43037974683544306,-0.04430379746835439,Market-Aligned / Other
DeSean Jackson,Eagles,2018,2019,Other,Terminated,3,9.0,13.0,12,74,41,774,625.6598822251887,0.8227848101265823,0.7848101265822784,-0.03797468354430389,High-Cost / High-Production
Michael Thomas,Saints,2018,2019,Extension,Renegotiated,5,19.25,35.648043,16,147,125,1405,1085.0912377392383,0.9873417721518988,0.9746835443037974,-0.012658227848101333,High-Cost / High-Production
Antonio Brown,Raiders,2018,2019,Other,Terminated,3,16.708333,30.125,15,168,104,1297,963.1864433740645,0.9620253164556962,0.9493670886075949,-0.012658227848101333,High-Cost / High-Production
Willie Snead,Ravens,2018,2019,Extension,Expired,1,6.0,6.0,15,95,62,651,615.2641196332518,0.7721518987341772,0.7721518987341772,0.0,High-Cost / High-Production
Julio Jones,Falcons,2018,2019,Extension,Traded,3,22.0,64.0,16,170,113,1677,1306.43846384765,1.0,1.0,0.0,High-Cost / High-Production
Sterling Shepard,Giants,2018,2019,Extension,Renegotiated,4,10.25,16.210624,16,107,66,872,732.2440953578591,0.8987341772151899,0.9113924050632911,0.012658227848101222,High-Cost / High-Production
Bennie Fowler,Giants,2018,2019,UFA,Terminated,1,0.895,0.065,10,27,16,199,264.4894391408661,0.3924050632911392,0.4050632911392405,0.012658227848101278,Market-Aligned / Other
Tyreek Hill,Chiefs,2018,2019,Extension,Traded,3,18.0,18.34,16,137,87,1479,1133.3862527140159,0.9746835443037974,0.9873417721518988,0.012658227848101333,High-Cost / High-Production
Adam Thielen,Vikings,2018,2019,Extension,Renegotiated,4,16.2,14.105,16,153,113,1373,1035.2243590186686,0.9493670886075949,0.9620253164556962,0.012658227848101333,High-Cost / High-Production
Adam Humphries,Titans,2018,2019,UFA,Terminated,4,9.0,12.0,16,105,76,816,668.4768449548559,0.8227848101265823,0.8481012658227848,0.025316455696202445,High-Cost / High-Production
Jake Kumerow,Packers,2018,2019,ERFA,Expired,1,0.57,0.0,5,11,8,103,133.5910477270611,0.11392405063291139,0.13924050632911392,0.025316455696202528,Market-Aligned / Other
Tyler Boyd,Bengals,2018,2019,Extension,Expired,4,10.75,9.0,14,108,76,1028,826.670217411746,0.9113924050632911,0.9367088607594937,0.025316455696202556,High-Cost / High-Production
Marvin Hall,Browns,2018,2019,SFA,Expired,2,0.69,0.0,14,19,10,149,193.09770661005263,0.27848101265822783,0.3037974683544304,0.025316455696202556,Market-Aligned / Other
Golden Tate,Giants,2018,2019,UFA,Terminated,4,9.375,22.95,15,113,74,795,716.6971235903421,0.8481012658227848,0.8860759493670886,0.03797468354430378,High-Cost / High-Production
John Brown,Bills,2018,2019,UFA,Terminated,3,9.0,10.1,16,97,42,715,684.1791490953395,0.8227848101265823,0.8607594936708861,0.03797468354430378,High-Cost / High-Production
Chris Conley,Jaguars,2018,2019,UFA,Expired,2,2.2975,1.0,16,52,32,334,416.55919250402087,0.569620253164557,0.620253164556962,0.050632911392405,Market-Aligned / Other
Marcus Johnson,Colts,2018,2019,ERFA,Terminated,1,0.645,0.0,4,8,6,102,185.94984628261946,0.21518987341772153,0.26582278481012656,0.05063291139240503,Market-Aligned / Other
Isaiah Ford,Dolphins,2018,2019,SFA,Terminated,1,0.57,0.0,1,1,0,0,135.6213128498265,0.11392405063291139,0.16455696202531644,0.050632911392405056,Market-Aligned / Other
Bobo Wilson,Panthers,2018,2019,Practice,Expired,1,0.136,0.0,5,5,4,52,101.61364500256785,0.0189873417721519,0.0759493670886076,0.056962025316455694,Market-Aligned / Other
KhaDarel Hodge,Browns,2018,2019,ERFA,Expired,1,0.57,0.0,6,3,2,17,150.22044486100847,0.11392405063291139,0.189873417721519,0.07594936708860761,Market-Aligned / Other
Dontrelle Inman,Patriots,2018,2019,SFA,Terminated,1,1.5,0.3,8,39,28,304,385.33101740812714,0.47468354430379744,0.5569620253164557,0.08227848101265822,Market-Aligned / Other
Ray-Ray McCloud,Bills,2018,2019,Practice,Expired,1,0.136,0.0,8,6,5,36,123.01195815954651,0.0189873417721519,0.10126582278481013,0.08227848101265822,Market-Aligned / Other
Donte Moncrief,Panthers,2018,2019,UFA,Terminated,2,4.5,3.5,16,89,48,668,645.8647191400809,0.7278481012658228,0.8227848101265823,0.09493670886075956,Market-Aligned / Other
Phillip Dorsett,Patriots,2018,2019,UFA,Expired,1,2.6,0.5,11,42,32,290,486.12175457535415,0.6075949367088608,0.7088607594936709,0.10126582278481011,Market-Aligned / Other
Ryan Grant,Raiders,2018,2019,UFA,Terminated,1,1.0,0.1,14,52,35,334,367.73332023104723,0.4240506329113924,0.5316455696202531,0.10759493670886072,Market-Aligned / Other
Gehrig Dieter,Chiefs,2018,2019,SFA,Terminated,2,0.615,0.0,2,3,1,22,192.4153309114367,0.17721518987341772,0.2911392405063291,0.11392405063291139,Market-Aligned / Other
DeAndre Carter,Texans,2018,2019,ERFA,Expired,1,0.57,0.0,13,25,22,216,159.95746093964934,0.11392405063291139,0.22784810126582278,0.11392405063291139,Market-Aligned / Other
Chris Lacy,Lions,2018,2019,SFA,Terminated,2,0.54,0.0,1,1,0,0,145.1538174573678,0.056962025316455694,0.17721518987341772,0.12025316455696203,Market-Aligned / Other
Julian Edelman,Patriots,2018,2019,Extension,Terminated,2,7.75,12.0,12,108,74,850,787.115367390292,0.7974683544303798,0.9240506329113924,0.12658227848101267,High-Cost / High-Production
Demaryius Thomas,Patriots,2018,2019,SFA,Terminated,1,3.0,0.15,15,89,59,677,611.4985725747249,0.6329113924050633,0.759493670886076,0.12658227848101267,Market-Aligned / Other
Seth Roberts,Ravens,2018,2019,SFA,Expired,1,2.0,1.0,15,64,45,494,457.1058310789422,0.5316455696202531,0.6708860759493671,0.139240506329114,Market-Aligned / Other
Vyncint Smith,Jets,2018,2019,SFA,Expired,2,0.615,0.0,4,10,5,91,212.78378889788368,0.17721518987341772,0.3291139240506329,0.15189873417721517,Market-Aligned / Other
Michael Crabtree,Cardinals,2018,2019,SFA,Terminated,1,3.25,0.5,16,100,54,607,647.7193268047556,0.6708860759493671,0.8354430379746836,0.16455696202531644,Market-Aligned / Other
Allen Lazard,Packers,2018,2019,SFA,Expired,1,0.495,0.0,1,1,1,7,159.85870581041596,0.0379746835443038,0.20253164556962025,0.16455696202531644,Market-Aligned / Other
Rashard Higgins,Browns,2018,2019,RFA,Expired,1,2.025,0.0,13,53,39,572,508.83038577015805,0.5506329113924051,0.7215189873417721,0.170886075949367,Market-Aligned / Other
Darvin Kidsy,Redskins,2018,2019,SFA,Terminated,2,0.54,0.0,1,2,1,8,162.58859578404636,0.056962025316455694,0.24050632911392406,0.18354430379746836,Market-Aligned / Other
Chad Williams,Colts,2018,2019,SFA,Terminated,2,0.69,0.0,10,46,17,171,341.37974098435234,0.27848101265822783,0.5063291139240507,0.22784810126582283,Market-Aligned / Other
Chris Hogan,Panthers,2018,2019,UFA,Expired,1,1.45,0.3,15,55,35,532,472.09560262605953,0.4430379746835443,0.6835443037974683,0.24050632911392406,Market-Aligned / Other
Robbie Chosen,Jets,2018,2019,RFA,Expired,1,3.095,0.0,14,94,50,752,726.5033013029138,0.6518987341772152,0.8987341772151899,0.24683544303797467,Market-Aligned / Other
Josh Gordon,Seahawks,2018,2019,RFA,Expired,1,2.025,0.0,12,71,41,737,644.0121883004958,0.5506329113924051,0.810126582278481,0.2594936708860759,Market-Aligned / Other
Zach Pascal,Colts,2018,2019,SFA,Expired,1,0.66,0.0,14,46,27,268,341.7720635337215,0.25316455696202533,0.5189873417721519,0.26582278481012656,Market-Aligned / Other
Laquon Treadwell,Vikings,2018,2019,SFA,Expired,1,0.72,0.0,15,53,35,302,393.8048702996955,0.3227848101265823,0.5949367088607594,0.27215189873417717,Market-Aligned / Other
Deontay Burnett,Jets,2018,2019,ERFA,Terminated,1,0.57,0.0,5,15,10,143,277.1828751556134,0.11392405063291139,0.4177215189873418,0.3037974683544304,Market-Aligned / Other
Marcell Ateman,Raiders,2018,2019,ERFA,Terminated,1,0.57,0.0,7,31,15,154,304.3074110550434,0.11392405063291139,0.4430379746835443,0.3291139240506329,Market-Aligned / Other
Tim Patrick,Broncos,2018,2019,ERFA,Expired,1,0.57,0.0,12,41,23,315,381.09520241785015,0.11392405063291139,0.5443037974683544,0.43037974683544306,Market-Aligned / Other
David Moore,Seahawks,2018,2019,ERFA,Expired,1,0.645,0.0,14,53,26,445,484.9836577474472,0.21518987341772153,0.6962025316455697,0.4810126582278481,Market-Aligned / Other
Matt Slater,Patriots,2019,2020,UFA,Expired,2,2.65,2.375,7,0,0,0,47.954784236536845,0.7727272727272727,0.015151515151515152,-0.7575757575757576,High-Cost / Lower-Production Review
Chris Moore,Ravens,2019,2020,UFA,Expired,1,1.6725,0.275,7,5,3,21,122.7496664565312,0.7272727272727273,0.10606060606060606,-0.6212121212121212,Market-Aligned / Other
JoJo Natson,Browns,2019,2020,UFA,Expired,1,1.0,0.0,12,0,0,0,52.96263941560175,0.553030303030303,0.030303030303030304,-0.5227272727272727,Market-Aligned / Other
Dwayne Harris,Bears,2019,2020,SFA,Expired,1,1.05,0.0,3,1,1,7,97.36245202755465,0.5984848484848485,0.09090909090909091,-0.5075757575757576,Market-Aligned / Other
Antonio Brown,Buccaneers,2019,2020,SFA,Expired,1,1.666666,0.0,1,8,4,56,145.4504518427533,0.7121212121212122,0.21212121212121213,-0.5,Market-Aligned / Other
Andre Roberts,Bills,2019,2020,SFA,Expired,1,1.3,0.0,13,7,3,20,141.65421167965263,0.6818181818181818,0.19696969696969696,-0.4848484848484848,Market-Aligned / Other
Jaydon Mickens,Buccaneers,2019,2020,SFA,Terminated,2,0.835,0.0,1,0,0,0,73.50500668472438,0.3939393939393939,0.07575757575757576,-0.3181818181818182,Market-Aligned / Other
Mike Thomas,Bengals,2019,2020,UFA,Expired,1,0.85,0.025,7,5,2,14,139.23674983658412,0.42424242424242425,0.13636363636363635,-0.2878787878787879,Market-Aligned / Other
Chris Hogan,Jets,2019,2020,SFA,Terminated,1,1.125,0.025,7,15,8,67,173.91183717785,0.6212121212121212,0.3333333333333333,-0.2878787878787879,Market-Aligned / Other
Pharoh Cooper,Panthers,2019,2020,UFA,Expired,1,1.21,0.3,12,33,25,243,232.3044482567532,0.6666666666666666,0.4393939393939394,-0.22727272727272724,Market-Aligned / Other
Rashard Higgins,Browns,2019,2020,SFA,Expired,1,0.91,0.0,7,11,4,55,159.64112937720625,0.4696969696969697,0.25757575757575757,-0.21212121212121215,Market-Aligned / Other
Austin Carr,Saints,2019,2020,SFA,Terminated,1,0.825,0.0,2,4,1,9,140.91768462983944,0.3560606060606061,0.15151515151515152,-0.20454545454545456,Market-Aligned / Other
Travis Fulgham,Eagles,2019,2020,SFA,Terminated,2,0.7625,0.0,2,3,0,0,137.44147044640619,0.3106060606060606,0.12121212121212122,-0.1893939393939394,Market-Aligned / Other
Seth Roberts,Panthers,2019,2020,UFA,Terminated,1,3.75,0.6,14,35,21,271,353.0488056779575,0.8181818181818182,0.6363636363636364,-0.18181818181818188,Market-Aligned / Other
Ray-Ray McCloud,Steelers,2019,2020,SFA,Expired,1,0.75,0.0,6,0,0,0,64.73077378626675,0.22727272727272727,0.06060606060606061,-0.16666666666666666,Market-Aligned / Other
Darrius Shepherd,Packers,2019,2020,SFA,Terminated,2,0.7625,0.0,6,2,1,1,141.0994963267009,0.3106060606060606,0.16666666666666666,-0.14393939393939395,Market-Aligned / Other
Taywan Taylor,Browns,2019,2020,SFA,Expired,1,0.825,0.0,2,1,0,0,152.7417579006358,0.3560606060606061,0.22727272727272727,-0.1287878787878788,Market-Aligned / Other
Kendrick Bourne,49ers,2019,2020,RFA,Expired,1,3.259,0.0,16,44,30,358,371.7182004388946,0.7954545454545454,0.6818181818181818,-0.11363636363636365,Market-Aligned / Other
Gehrig Dieter,Chiefs,2019,2020,SFA,Terminated,1,0.675,0.0,2,0,0,0,59.03818333673009,0.14393939393939395,0.045454545454545456,-0.0984848484848485,Market-Aligned / Other
Keelan Cole,Jaguars,2019,2020,RFA,Expired,1,3.259,0.0,12,35,24,361,372.38502236991565,0.7954545454545454,0.696969696969697,-0.0984848484848484,Market-Aligned / Other
David Moore,Seahawks,2019,2020,RFA,Renegotiated,1,2.133,0.0,14,34,17,301,356.5941792907778,0.7424242424242424,0.6666666666666666,-0.0757575757575758,Market-Aligned / Other
Tavon Austin,Packers,2019,2020,SFA,Expired,1,1.05,0.0,14,24,13,177,278.99155324799415,0.5984848484848485,0.5303030303030303,-0.06818181818181823,Market-Aligned / Other
Donte Moncrief,Jets,2019,2020,SFA,Terminated,1,0.91,0.0,4,15,4,18,221.88926516248702,0.4696969696969697,0.4090909090909091,-0.06060606060606061,Market-Aligned / Other
Damiere Byrd,Patriots,2019,2020,UFA,Expired,1,1.6,0.6,11,46,32,359,353.8382050226098,0.696969696969697,0.6515151515151515,-0.045454545454545525,Market-Aligned / Other
Stanley Morgan,Bengals,2019,2020,SFA,Expired,2,0.7625,0.0,7,10,3,18,167.2335750448782,0.3106060606060606,0.2727272727272727,-0.0378787878787879,Market-Aligned / Other
Robbie Chosen,Panthers,2019,2020,UFA,Extended,2,10.0,10.0,16,96,52,779,680.0375964813021,0.9090909090909091,0.8787878787878788,-0.030303030303030276,High-Cost / High-Production
DeAndre Hopkins,Cardinals,2019,2020,Extension,Terminated,2,27.25,42.75,15,150,104,1165,924.6385665385225,1.0,0.9696969696969697,-0.030303030303030276,High-Cost / High-Production
Sammy Watkins,Chiefs,2019,2020,Other,Expired,1,9.0,9.0,13,90,52,673,655.6560294722008,0.8863636363636364,0.8636363636363636,-0.022727272727272707,High-Cost / High-Production
Robert Woods,Titans,2019,2020,Extension,Terminated,4,16.25,18.205882,15,139,90,1134,872.9036435601361,0.9545454545454546,0.9393939393939394,-0.015151515151515138,High-Cost / High-Production
Danny Amendola,Lions,2019,2020,UFA,Expired,1,5.0,4.5,15,97,62,678,528.3861586547115,0.8333333333333334,0.8333333333333334,0.0,High-Cost / High-Production
Breshad Perriman,Jets,2019,2020,UFA,Expired,1,6.5,6.0,14,69,36,645,558.2303841457508,0.8484848484848485,0.8484848484848485,0.0,High-Cost / High-Production
Larry Fitzgerald,Cardinals,2019,2020,UFA,Expired,1,11.5,11.0,16,109,75,804,774.6580499562132,0.9242424242424242,0.9242424242424242,0.0,High-Cost / High-Production
Randall Cobb,Packers,2019,2020,UFA,Renegotiated,3,9.0,18.0,15,83,55,828,698.2343770387698,0.8863636363636364,0.8939393939393939,0.007575757575757569,High-Cost / High-Production
Cooper Kupp,Rams,2019,2020,Extension,Extended,3,15.75,20.633,16,134,94,1161,924.5362676773834,0.9393939393939394,0.9545454545454546,0.015151515151515138,High-Cost / High-Production
Keenan Allen,Bears,2019,2020,Extension,Expired,4,20.025,32.0,16,149,104,1199,962.4465423525794,0.9848484848484849,1.0,0.015151515151515138,High-Cost / High-Production
Amari Cooper,Cowboys,2019,2020,UFA,Traded,5,20.0,40.0,16,119,79,1189,927.7291517921095,0.9696969696969697,0.9848484848484849,0.015151515151515138,High-Cost / High-Production
Antonio Callaway,Dolphins,2019,2020,SFA,Terminated,2,0.835,0.0,4,15,8,89,222.81649389663474,0.3939393939393939,0.42424242424242425,0.03030303030303033,Market-Aligned / Other
Diontae Spencer,Broncos,2019,2020,ERFA,Expired,1,0.675,0.0,16,8,6,31,141.20474611137047,0.14393939393939395,0.18181818181818182,0.03787878787878787,Market-Aligned / Other
Demarcus Robinson,Chiefs,2019,2020,UFA,Expired,1,2.2975,2.2975,15,55,32,449,453.8927423188539,0.7575757575757576,0.803030303030303,0.045454545454545414,High-Cost / High-Production
Emmanuel Sanders,Saints,2019,2020,UFA,Terminated,2,8.0,10.0,17,97,66,869,751.649484184356,0.8636363636363636,0.9090909090909091,0.045454545454545414,High-Cost / High-Production
Laquon Treadwell,Falcons,2019,2020,UFA,Terminated,1,0.91,0.0,10,16,9,184,275.69842487325985,0.4696969696969697,0.5151515151515151,0.045454545454545414,Market-Aligned / Other
Steven Mitchell,Texans,2019,2020,SFA,Terminated,2,0.7625,0.0,2,6,2,37,186.29241046882532,0.3106060606060606,0.3787878787878788,0.06818181818181818,Market-Aligned / Other
Dontrelle Inman,Washington,2019,2020,SFA,Terminated,1,0.91,0.0,7,21,12,181,284.09627725468346,0.4696969696969697,0.5454545454545454,0.07575757575757569,Market-Aligned / Other
Bennie Fowler,Saints,2019,2020,SFA,Expired,1,0.91,0.0,8,36,23,193,288.629174982633,0.4696969696969697,0.5606060606060606,0.09090909090909083,Market-Aligned / Other
KhaDarel Hodge,Browns,2019,2020,ERFA,Expired,1,0.75,0.0,12,10,4,76,172.66462541153678,0.22727272727272727,0.3181818181818182,0.09090909090909091,Market-Aligned / Other
Isaiah McKenzie,Bills,2019,2020,SFA,Expired,1,0.9625,0.25,12,39,27,254,327.012880065214,0.5303030303030303,0.6212121212121212,0.09090909090909094,Market-Aligned / Other
Damion Ratley,Texans,2019,2020,SFA,Terminated,2,0.835,0.0,9,24,12,200,268.4000826573608,0.3939393939393939,0.48484848484848486,0.09090909090909094,Market-Aligned / Other
Ted Ginn,Bears,2019,2020,SFA,Terminated,1,1.1875,0.8875,15,56,30,421,428.31960260724514,0.6439393939393939,0.7575757575757576,0.11363636363636365,Market-Aligned / Other
Mohamed Sanu,49ers,2019,2020,SFA,Terminated,1,1.1875,0.06875,15,89,59,520,439.87053973896514,0.6439393939393939,0.7727272727272727,0.12878787878787878,Market-Aligned / Other
DeAndre Carter,Bears,2019,2020,ERFA,Expired,1,0.66,0.0,16,14,11,162,158.37599143503732,0.10606060606060606,0.24242424242424243,0.13636363636363635,Market-Aligned / Other
Cam Sims,Washington,2019,2020,SFA,Expired,1,0.675,0.0,3,3,2,27,167.57045525083817,0.14393939393939395,0.2878787878787879,0.14393939393939395,Market-Aligned / Other
Tajae Sharpe,Vikings,2019,2020,UFA,Terminated,1,1.0,0.675,13,35,25,329,378.85327496786266,0.553030303030303,0.7121212121212122,0.15909090909090917,Market-Aligned / Other
Lil'Jordan Humphrey,Saints,2019,2020,Practice,Expired,1,0.236718,0.0,1,1,0,0,172.23809598378992,0.09090909090909091,0.30303030303030304,0.21212121212121213,Market-Aligned / Other
Marcus Johnson,Colts,2019,2020,SFA,Terminated,1,0.925,0.1,8,33,17,277,391.89679013231705,0.5151515151515151,0.7272727272727273,0.21212121212121215,Market-Aligned / Other
Robert Foster,Bills,2019,2020,ERFA,Terminated,1,0.75,0.0,10,18,3,64,237.55085583322565,0.22727272727272727,0.45454545454545453,0.22727272727272727,Market-Aligned / Other
Nelson Agholor,Raiders,2019,2020,UFA,Expired,1,1.0475,0.8875,11,69,39,363,472.6045741247499,0.5757575757575758,0.8181818181818182,0.24242424242424243,Market-Aligned / Other
Jake Kumerow,Packers,2019,2020,ERFA,Terminated,1,0.75,0.0,11,21,12,219,241.28315256908564,0.22727272727272727,0.4696969696969697,0.24242424242424246,Market-Aligned / Other
Malik Turner,Packers,2019,2020,SFA,Claimed,1,0.75,0.0,11,22,15,245,273.65185553870316,0.22727272727272727,0.5,0.2727272727272727,Market-Aligned / Other
Jaleel Scott,Jets,2019,2020,Practice,Expired,1,0.205412,0.0,1,3,1,6,183.92291339018342,0.07575757575757576,0.36363636363636365,0.2878787878787879,Market-Aligned / Other
Deontay Burnett,Eagles,2019,2020,Practice,Expired,1,0.197765,0.0,1,4,2,48,179.89198899481676,0.045454545454545456,0.3484848484848485,0.30303030303030304,Market-Aligned / Other
Isaiah Ford,Dolphins,2019,2020,ERFA,Traded,1,0.75,0.0,8,35,23,244,295.5804373044797,0.22727272727272727,0.5757575757575758,0.3484848484848485,Market-Aligned / Other
Tim Patrick,Broncos,2019,2020,ERFA,Expired,1,0.75,0.0,8,31,16,218,306.9273914933856,0.22727272727272727,0.5909090909090909,0.36363636363636365,Market-Aligned / Other
Cody Hollister,Titans,2019,2020,Practice,Expired,1,0.1428,0.0,3,2,2,13,200.73178794900534,0.015151515151515152,0.3939393939393939,0.3787878787878788,Market-Aligned / Other
Trey Quinn,Jaguars,2019,2020,Practice,Expired,1,0.178518,0.0,12,47,26,198,316.4765329309622,0.030303030303030304,0.6060606060606061,0.5757575757575758,Market-Aligned / Other
Allen Lazard,Packers,2019,2020,ERFA,Expired,1,0.675,0.0,12,52,35,477,441.08695887734416,0.14393939393939395,0.7878787878787878,0.6439393939393939,Lower-Cost / High-Production Value
Kenny Stills,Bills,2019,2020,Practice,Expired,1,0.204,0.0,13,55,40,561,424.6058058590653,0.06060606060606061,0.7424242424242424,0.6818181818181819,Market-Aligned / Other
Andre Roberts,Texans,2020,2021,UFA,Terminated,2,2.75,2.5,15,5,4,34,108.30049049323713,0.7523809523809524,0.11428571428571428,-0.638095238095238,High-Cost / Lower-Production Review
Chris Moore,Texans,2020,2021,UFA,Terminated,1,1.5,0.5,2,0,0,0,62.93437280526911,0.6285714285714286,0.0380952380952381,-0.5904761904761905,Market-Aligned / Other
Jamal Agnew,Jaguars,2020,2021,UFA,Expired,3,4.75,4.0,14,20,13,89,146.89865667295476,0.8047619047619048,0.23809523809523808,-0.5666666666666667,High-Cost / Lower-Production Review
JoJo Natson,Browns,2020,2021,UFA,Terminated,1,1.1275,0.0,3,0,0,0,57.67288673931487,0.5333333333333333,0.01904761904761905,-0.5142857142857142,Market-Aligned / Other
Dede Westbrook,Vikings,2020,2021,SFA,Expired,1,1.1275,0.1375,2,1,1,4,87.997408574172,0.5333333333333333,0.0761904761904762,-0.45714285714285713,Market-Aligned / Other
Courtland Sutton,Broncos,2020,2021,Extension,Renegotiated,4,15.0,18.848944,1,6,3,66,257.8250440304483,0.9619047619047619,0.5523809523809524,-0.4095238095238095,Market-Aligned / Other
Byron Pringle,Chiefs,2020,2021,RFA,Expired,1,2.133,0.0,7,17,13,160,174.38124746126016,0.6761904761904762,0.34285714285714286,-0.33333333333333337,Market-Aligned / Other
Kenny Golladay,Giants,2020,2021,UFA,Terminated,4,18.0,28.0,5,32,20,338,380.01665198157514,1.0,0.6666666666666666,-0.33333333333333337,Market-Aligned / Other
John Ross,Giants,2020,2021,UFA,Expired,1,2.25,1.0,2,7,2,17,192.37781471488583,0.7047619047619048,0.3904761904761905,-0.31428571428571433,Market-Aligned / Other
Alex Erickson,Texans,2020,2021,UFA,Terminated,1,1.2,0.5,16,17,12,139,160.85252067800786,0.6095238095238096,0.29523809523809524,-0.31428571428571433,Market-Aligned / Other
Zay Jones,Raiders,2020,2021,UFA,Expired,1,2.5,0.0,11,20,14,154,213.2646389398637,0.7380952380952381,0.45714285714285713,-0.280952380952381,Market-Aligned / Other
Malik Turner,Cowboys,2020,2021,SFA,Expired,1,0.92,0.0,1,0,0,0,68.16930590650061,0.30952380952380953,0.05714285714285714,-0.2523809523809524,Market-Aligned / Other
Tommylee Lewis,Saints,2020,2021,SFA,Terminated,1,0.99,0.0,5,3,1,5,111.8259063081013,0.38571428571428573,0.13333333333333333,-0.2523809523809524,Market-Aligned / Other
Vyncint Smith,Jets,2020,2021,RFA,Terminated,1,1.005,0.07,4,3,1,13,129.36550154544418,0.42857142857142855,0.19047619047619047,-0.23809523809523808,Market-Aligned / Other
Kevin White,Saints,2020,2021,SFA,Terminated,1,0.99,0.0,1,0,0,0,124.86962573551942,0.38571428571428573,0.1619047619047619,-0.22380952380952382,Market-Aligned / Other
Pharoh Cooper,Jaguars,2020,2021,SFA,Terminated,1,0.99,0.0,15,8,5,73,126.24103029050424,0.38571428571428573,0.17142857142857143,-0.2142857142857143,Market-Aligned / Other
DeAndre Carter,Washington,2020,2021,SFA,Expired,1,0.97,0.2,13,2,1,8,113.8798051961128,0.3523809523809524,0.14285714285714285,-0.20952380952380956,Market-Aligned / Other
DeSean Jackson,Rams,2020,2021,SFA,Terminated,1,4.5,2.75,5,26,14,236,299.9069785320822,0.7904761904761904,0.580952380952381,-0.20952380952380945,Market-Aligned / Other
Kalif Raymond,Lions,2020,2021,SFA,Expired,1,1.1275,0.25,15,15,9,187,172.5880582980684,0.5333333333333333,0.3333333333333333,-0.2,Market-Aligned / Other
Tavon Austin,Jaguars,2020,2021,SFA,Expired,1,1.075,0.0,4,5,5,20,152.7757193658856,0.4666666666666667,0.2761904761904762,-0.19047619047619047,Market-Aligned / Other
Cedrick Wilson Jr.,Cowboys,2020,2021,RFA,Expired,1,2.183,0.0,13,28,17,189,229.58128213229546,0.6952380952380952,0.5142857142857142,-0.18095238095238098,Market-Aligned / Other
Jaydon Mickens,Buccaneers,2020,2021,SFA,Terminated,1,0.99,0.0,10,10,7,58,132.07579330113583,0.38571428571428573,0.20952380952380953,-0.1761904761904762,Market-Aligned / Other
Ray-Ray McCloud,Steelers,2020,2021,RFA,Expired,1,1.0,0.0,16,22,20,77,150.41838584101825,0.41904761904761906,0.2571428571428571,-0.16190476190476194,Market-Aligned / Other
C.J. Board,Giants,2020,2021,RFA,Terminated,1,1.02,0.05,11,16,11,101,161.87657060356057,0.44761904761904764,0.3047619047619048,-0.14285714285714285,Market-Aligned / Other
KhaDarel Hodge,Browns,2020,2021,RFA,Claimed,1,2.133,0.0,7,17,11,180,246.21001530165123,0.6761904761904762,0.5428571428571428,-0.13333333333333341,Market-Aligned / Other
Trent Sherfield,49ers,2020,2021,SFA,Expired,1,0.92,0.2,9,7,5,50,126.70153100771753,0.30952380952380953,0.18095238095238095,-0.1285714285714286,Market-Aligned / Other
Diontae Spencer,Broncos,2020,2021,ERFA,Expired,1,0.85,0.0,11,6,3,26,103.74312574593813,0.22380952380952382,0.09523809523809523,-0.1285714285714286,Market-Aligned / Other
Marcus Kemp,Chiefs,2020,2021,SFA,Terminated,1,0.85,0.0,4,1,1,11,104.51389817584068,0.22380952380952382,0.10476190476190476,-0.11904761904761905,Market-Aligned / Other
Dan Chisena,Vikings,2020,2021,SFA,Terminated,2,0.8375,0.0,7,0,0,0,65.99023319485768,0.1523809523809524,0.047619047619047616,-0.10476190476190478,Market-Aligned / Other
Mack Hollins,Dolphins,2020,2021,UFA,Expired,1,1.1275,0.3375,11,25,16,176,199.512063522388,0.5333333333333333,0.42857142857142855,-0.10476190476190478,Market-Aligned / Other
Jakeem Grant,Dolphins,2020,2021,Other,Traded,1,2.3,2.25,14,54,36,373,318.5506021726187,0.7142857142857143,0.6095238095238096,-0.10476190476190472,Market-Aligned / Other
Ashton Dulin,Colts,2020,2021,ERFA,Expired,1,0.85,0.0,10,6,3,53,110.02993251884915,0.22380952380952382,0.12380952380952381,-0.1,Market-Aligned / Other
Sammy Watkins,Ravens,2020,2021,UFA,Expired,1,5.0,5.0,10,55,37,421,442.94861014442677,0.8238095238095238,0.7333333333333333,-0.09047619047619049,Market-Aligned / Other
Brandon Zylstra,Panthers,2020,2021,RFA,Expired,1,0.92,0.0,5,4,3,35,133.52846232367253,0.30952380952380953,0.21904761904761905,-0.09047619047619049,Market-Aligned / Other
Chris Hogan,Saints,2020,2021,SFA,Terminated,1,1.075,0.0,5,26,14,118,191.52393536902525,0.4666666666666667,0.38095238095238093,-0.08571428571428574,Market-Aligned / Other
Antonio Brown,Buccaneers,2020,2021,SFA,Terminated,1,3.1,3.1,8,62,45,483,437.156584929539,0.7619047619047619,0.7142857142857143,-0.04761904761904756,Market-Aligned / Other
Brandon Powell,Bills,2020,2021,UFA,Terminated,1,0.92,0.0,15,18,12,69,150.90959974145434,0.30952380952380953,0.26666666666666666,-0.04285714285714287,Market-Aligned / Other
Nsimba Webster,Bears,2020,2021,Practice,Expired,1,0.204844,0.0,16,0,0,0,54.41291855312667,0.047619047619047616,0.009523809523809525,-0.03809523809523809,Market-Aligned / Other
Chris Godwin,Buccaneers,2020,2021,Franchise,Expired,1,15.983,15.983,12,84,65,840,748.5766814272024,0.9714285714285714,0.9333333333333333,-0.03809523809523807,High-Cost / High-Production
Noah Brown,Cowboys,2020,2021,UFA,Expired,1,1.1275,0.1375,10,24,14,154,220.69514203050366,0.5333333333333333,0.49523809523809526,-0.03809523809523807,Market-Aligned / Other
John Brown,Raiders,2020,2021,SFA,Terminated,1,3.75,3.24,9,52,33,458,447.5511922212798,0.780952380952381,0.7428571428571429,-0.03809523809523807,Market-Aligned / Other
Mike Thomas,Bengals,2020,2021,UFA,Terminated,1,1.015,0.0,12,21,13,132,193.84441726604055,0.4380952380952381,0.4,-0.03809523809523807,Market-Aligned / Other
A.J. Green,Cardinals,2020,2021,UFA,Expired,1,6.0,6.0,16,104,47,523,519.7928395676867,0.861904761904762,0.8285714285714286,-0.033333333333333326,High-Cost / High-Production
Tim Patrick,Broncos,2020,2021,Extension,Renegotiated,3,10.0,13.004,15,79,51,742,621.6848210538792,0.9047619047619048,0.8761904761904762,-0.02857142857142858,High-Cost / High-Production
Mohamed Sanu,49ers,2020,2021,SFA,Expired,1,1.14,0.025,7,24,17,187,264.55232754751245,0.5904761904761905,0.5619047619047619,-0.02857142857142858,Market-Aligned / Other
David Moore,Panthers,2020,2021,UFA,Terminated,2,4.75,1.25,16,47,35,417,490.54827180795166,0.8047619047619048,0.780952380952381,-0.023809523809523836,High-Cost / High-Production
River Cracraft,49ers,2020,2021,ERFA,Terminated,1,0.85,0.0,5,9,6,41,130.84550680784054,0.22380952380952382,0.2,-0.023809523809523808,Market-Aligned / Other
Curtis Samuel,Washington,2020,2021,UFA,Expired,3,11.5,21.5,15,97,77,851,738.4190934594826,0.9333333333333333,0.9142857142857143,-0.01904761904761909,High-Cost / High-Production
Penny Hart,Seahawks,2020,2021,SFA,Terminated,1,0.78,0.0,5,1,1,3,93.70726288636469,0.10476190476190476,0.08571428571428572,-0.01904761904761905,Market-Aligned / Other
Kendall Hinton,Broncos,2020,2021,SFA,Terminated,2,0.7425,0.0,1,0,0,0,74.26174213887698,0.0761904761904762,0.06666666666666667,-0.009523809523809532,Market-Aligned / Other
Adam Humphries,Washington,2020,2021,SFA,Expired,1,1.19,0.15,7,35,23,228,300.60958296771446,0.6,0.5904761904761905,-0.00952380952380949,Market-Aligned / Other
Kendrick Bourne,Patriots,2020,2021,UFA,Expired,3,5.0,5.25,15,74,49,667,519.0281778047176,0.8238095238095238,0.819047619047619,-0.004761904761904745,High-Cost / High-Production
Keelan Cole,Jets,2020,2021,UFA,Expired,1,5.5,5.0,16,88,55,642,544.5720086325305,0.8428571428571429,0.8380952380952381,-0.004761904761904745,High-Cost / High-Production
Nelson Agholor,Patriots,2020,2021,UFA,Expired,2,11.0,16.0,16,82,48,896,739.4946531899001,0.9238095238095239,0.9238095238095239,0.0,High-Cost / High-Production
Kenny Stills,Saints,2020,2021,SFA,Expired,1,1.075,0.0,7,19,11,144,217.86250658417686,0.4666666666666667,0.4666666666666667,0.0,Market-Aligned / Other
T.Y. Hilton,Colts,2020,2021,UFA,Expired,1,8.0,8.0,15,93,56,762,649.8878489213956,0.8904761904761904,0.8952380952380953,0.004761904761904856,High-Cost / High-Production
Allen Robinson,Bears,2020,2021,Franchise,Expired,1,17.98,17.88,16,151,102,1250,954.4302960241719,0.9904761904761905,1.0,0.00952380952380949,High-Cost / High-Production
Matt Cole,Panthers,2020,2021,Practice,Elevated,1,0.1656,0.0,1,0,0,0,61.3748402486995,0.01904761904761905,0.02857142857142857,0.009523809523809521,Market-Aligned / Other
Tyler Lockett,Seahawks,2020,2021,Extension,Renegotiated,4,17.3,21.0,16,132,100,1054,923.1882815349928,0.9809523809523809,0.9904761904761905,0.009523809523809601,High-Cost / High-Production
Corey Davis,Jets,2020,2021,UFA,Terminated,3,12.5,27.0,14,92,65,984,849.2468847385494,0.9428571428571428,0.9619047619047619,0.01904761904761909,High-Cost / High-Production
Robbie Chosen,Cardinals,2020,2021,Extension,Terminated,2,14.75,20.5,16,136,95,1096,856.0002814611258,0.9523809523809523,0.9714285714285714,0.01904761904761909,High-Cost / High-Production
Breshad Perriman,Lions,2020,2021,UFA,Terminated,1,2.5,2.0,12,60,30,505,463.7850788336265,0.7380952380952381,0.7619047619047619,0.023809523809523725,Market-Aligned / Other
Emmanuel Sanders,Bills,2020,2021,SFA,Expired,1,6.0,5.9,14,82,61,726,659.5017130687434,0.861904761904762,0.9047619047619048,0.042857142857142816,High-Cost / High-Production
Jamison Crowder,Jets,2020,2021,Other,Expired,1,5.5,4.5,12,89,59,699,632.4729009284982,0.8428571428571429,0.8857142857142857,0.042857142857142816,High-Cost / High-Production
Malik Taylor,Packers,2020,2021,ERFA,Expired,1,0.78,0.0,10,6,5,66,120.44086219314418,0.10476190476190476,0.1523809523809524,0.04761904761904763,Market-Aligned / Other
Chris Conley,Texans,2020,2021,UFA,Expired,1,1.5,1.5,14,63,40,471,383.61945854933043,0.6285714285714286,0.6761904761904762,0.04761904761904767,Market-Aligned / Other
Danny Amendola,Texans,2020,2021,SFA,Expired,1,1.8,0.25,14,69,46,602,437.1013782791754,0.6571428571428571,0.7047619047619048,0.04761904761904767,Market-Aligned / Other
Jake Kumerow,Bills,2020,2021,SFA,Expired,1,0.92,0.0,1,1,1,22,186.67594361398002,0.30952380952380953,0.3619047619047619,0.05238095238095236,Market-Aligned / Other
Laquon Treadwell,Jaguars,2020,2021,SFA,Terminated,1,0.99,0.0,4,7,6,49,204.75625247346377,0.38571428571428573,0.4380952380952381,0.05238095238095236,Market-Aligned / Other
Dante Pettis,Giants,2020,2021,SFA,Expired,1,0.92,0.0,6,6,4,76,187.58152763434603,0.30952380952380953,0.37142857142857144,0.06190476190476191,Market-Aligned / Other
JuJu Smith-Schuster,Steelers,2020,2021,UFA,Expired,1,8.0,7.0,16,128,97,831,778.8779000374171,0.8904761904761904,0.9523809523809523,0.06190476190476191,High-Cost / High-Production
Tajae Sharpe,Chiefs,2020,2021,SFA,Terminated,1,0.99,0.0,3,3,0,0,207.89700873240426,0.38571428571428573,0.44761904761904764,0.06190476190476191,Market-Aligned / Other
Will Fuller,Dolphins,2020,2021,UFA,Expired,1,10.625011,10.625011,11,75,53,879,863.3205431746712,0.9142857142857143,0.9809523809523809,0.06666666666666665,High-Cost / High-Production
Marvin Jones,Jaguars,2020,2021,UFA,Expired,2,6.25,9.0,16,115,76,978,774.315034982695,0.8761904761904762,0.9428571428571428,0.06666666666666665,High-Cost / High-Production
Cam Sims,Washington,2020,2021,RFA,Expired,1,2.133,0.0,13,48,32,477,460.7425720379757,0.6761904761904762,0.7523809523809524,0.07619047619047614,Market-Aligned / Other
Marcus Johnson,Titans,2020,2021,SFA,Expired,1,1.1275,0.2875,9,28,14,255,319.54254736395495,0.5333333333333333,0.6190476190476191,0.08571428571428574,Market-Aligned / Other
Rashard Higgins,Browns,2020,2021,UFA,Expired,1,2.3775,2.3775,12,52,37,599,516.879956859488,0.7238095238095238,0.8095238095238095,0.08571428571428574,Market-Aligned / Other
Marvin Hall,Patriots,2020,2021,SFA,Terminated,1,1.1275,0.025,11,32,18,302,322.9259616764145,0.5333333333333333,0.6285714285714286,0.09523809523809523,Market-Aligned / Other
Zach Pascal,Colts,2020,2021,RFA,Expired,1,3.384,0.0,16,71,44,629,592.7833317235375,0.7714285714285715,0.8666666666666667,0.09523809523809523,High-Cost / High-Production
Daurice Fountain,Chiefs,2020,2021,SFA,Terminated,1,0.85,0.0,2,3,2,23,167.33811055501516,0.22380952380952382,0.3238095238095238,0.1,Market-Aligned / Other
Willie Snead,Raiders,2020,2021,UFA,Terminated,1,1.1275,0.9875,13,48,33,432,365.9482998075015,0.5333333333333333,0.638095238095238,0.10476190476190472,Market-Aligned / Other
Tyrie Cleveland,Broncos,2020,2021,SFA,Terminated,2,0.8375,0.0,7,9,6,63,155.83926100490325,0.1523809523809524,0.2857142857142857,0.1333333333333333,Market-Aligned / Other
Keith Kirkwood,Panthers,2020,2021,RFA,Terminated,1,0.78,0.0,1,2,1,13,149.2248291674271,0.10476190476190476,0.24761904761904763,0.14285714285714285,Market-Aligned / Other
Isaiah McKenzie,Bills,2020,2021,UFA,Expired,1,1.1275,0.35,15,34,30,282,411.98985389013285,0.5333333333333333,0.6857142857142857,0.1523809523809524,Market-Aligned / Other
Demarcus Robinson,Chiefs,2020,2021,UFA,Expired,1,1.1275,0.9875,15,59,45,466,434.2330096404068,0.5333333333333333,0.6952380952380952,0.16190476190476188,Market-Aligned / Other
Trenton Irwin,Bengals,2020,2021,SFA,Expired,1,0.66,0.0,1,2,1,5,142.61903770049787,0.06666666666666667,0.22857142857142856,0.16190476190476188,Market-Aligned / Other
Odell Beckham Jr.,Rams,2020,2021,SFA,Expired,1,1.5,0.5,7,43,23,319,503.865842883022,0.6285714285714286,0.8,0.17142857142857149,Market-Aligned / Other
Trent Taylor,Bengals,2020,2021,SFA,Terminated,1,0.92,0.0,12,21,10,86,219.0763710166044,0.30952380952380953,0.4857142857142857,0.17619047619047618,Market-Aligned / Other
Josh Reynolds,Lions,2020,2021,UFA,Expired,1,1.75,1.75,16,81,52,618,555.4338474564447,0.6476190476190476,0.8476190476190476,0.19999999999999996,Market-Aligned / Other
Cody Hollister,Titans,2020,2021,SFA,Terminated,2,0.8375,0.0,1,1,1,12,184.9948436323143,0.1523809523809524,0.3523809523809524,0.2,Market-Aligned / Other
Christian Blake,Falcons,2020,2021,ERFA,Expired,1,0.85,0.0,10,18,13,141,218.77095129825102,0.22380952380952382,0.47619047619047616,0.2523809523809524,Market-Aligned / Other
Ja'Marcus Bradley,Browns,2020,2021,SFA,Terminated,2,0.8375,0.0,1,11,5,60,193.97256057013382,0.1523809523809524,0.4095238095238095,0.2571428571428571,Market-Aligned / Other
Equanimeous St. Brown,Packers,2020,2021,SFA,Expired,1,0.85,0.0,8,13,7,117,220.97241527294352,0.22380952380952382,0.5047619047619047,0.28095238095238095,Market-Aligned / Other
Isaiah Ford,Dolphins,2020,2021,SFA,Expired,1,0.92,0.0,9,44,28,276,313.50258736188147,0.30952380952380953,0.6,0.29047619047619044,Market-Aligned / Other
K.J. Hill,Chargers,2020,2021,Practice,Expired,1,0.1656,0.0,12,11,7,73,164.01926487137865,0.01904761904761905,0.3142857142857143,0.29523809523809524,Market-Aligned / Other
Lil'Jordan Humphrey,Saints,2020,2021,SFA,Expired,1,0.85,0.0,2,5,3,46,237.37078592282822,0.22380952380952382,0.5238095238095238,0.30000000000000004,Market-Aligned / Other
Antonio Gandy-Golden,Washington,2020,2021,SFA,Terminated,1,0.78,0.0,4,7,1,3,195.84030590926272,0.10476190476190476,0.41904761904761906,0.3142857142857143,Market-Aligned / Other
Damiere Byrd,Bears,2020,2021,SFA,Expired,1,1.1275,0.3875,15,77,47,604,584.3756761119881,0.5333333333333333,0.8571428571428571,0.32380952380952377,Market-Aligned / Other
Jeff Smith,Jets,2020,2021,ERFA,Expired,1,0.78,0.0,9,37,17,167,243.13084516018804,0.10476190476190476,0.5333333333333333,0.42857142857142855,Market-Aligned / Other
Greg Ward,Eagles,2020,2021,ERFA,Expired,1,0.85,0.0,16,79,53,419,441.5075009505572,0.22380952380952382,0.7238095238095238,0.5,Market-Aligned / Other
Tyron Johnson,Raiders,2020,2021,SFA,Terminated,2,0.8375,0.0,11,26,20,398,367.1849978790307,0.1523809523809524,0.6571428571428571,0.5047619047619047,Market-Aligned / Other
John Hightower,Eagles,2020,2021,Practice,Expired,1,0.199733,0.0,10,29,10,167,265.53329449370614,0.0380952380952381,0.5714285714285714,0.5333333333333333,Market-Aligned / Other
Allen Lazard,Packers,2020,2021,ERFA,Expired,1,0.85,0.0,10,46,33,451,499.4135454439,0.22380952380952382,0.7904761904761904,0.5666666666666667,Lower-Cost / High-Production Value
Keke Coutee,Colts,2020,2021,Practice,Elevated,1,0.1656,0.0,8,40,33,400,366.28802492379765,0.01904761904761905,0.6476190476190476,0.6285714285714286,Market-Aligned / Other
Anthony Miller,Steelers,2020,2021,Practice,Expired,1,0.252,0.0,16,76,49,485,473.40251938731825,0.05714285714285714,0.7714285714285715,0.7142857142857143,Lower-Cost / High-Production Value
Matt Slater,Patriots,2021,2022,UFA,Expired,1,2.6225,2.6225,10,0,0,0,36.02844493593081,0.6837606837606838,0.008547008547008548,-0.6752136752136753,Market-Aligned / Other
Gunner Olszewski,Steelers,2021,2022,SFA,Renegotiated,2,2.1,1.235,16,3,2,31,101.99406862501903,0.6324786324786325,0.07692307692307693,-0.5555555555555556,Market-Aligned / Other
Andre Roberts,Panthers,2021,2022,SFA,Expired,1,1.75,0.9,16,2,1,35,125.35944865389077,0.5811965811965812,0.1623931623931624,-0.41880341880341887,Market-Aligned / Other
Stanley Morgan,Bengals,2021,2022,SFA,Terminated,2,1.1225,0.1,11,4,2,11,92.19177660542437,0.42735042735042733,0.06837606837606838,-0.3589743589743589,Market-Aligned / Other
Brandon Powell,Rams,2021,2022,UFA,Expired,1,1.035,0.0,6,0,0,0,55.08849201882739,0.3504273504273504,0.017094017094017096,-0.3333333333333333,Market-Aligned / Other
JuJu Smith-Schuster,Chiefs,2021,2022,UFA,Expired,1,3.76,2.49,5,28,15,129,239.00308619912434,0.7521367521367521,0.42735042735042733,-0.3247863247863248,High-Cost / Lower-Production Review
D.J. Chark,Lions,2021,2022,UFA,Expired,1,10.0,10.0,3,22,7,154,281.5691133629682,0.8376068376068376,0.5213675213675214,-0.3162393162393162,Market-Aligned / Other
Trent Taylor,Bengals,2021,2022,SFA,Expired,1,1.135,0.025,4,3,2,41,121.62579156316289,0.4444444444444444,0.1452991452991453,-0.2991452991452991,Market-Aligned / Other
Ashton Dulin,Colts,2021,2022,RFA,Expired,1,2.433,0.0,16,22,13,173,212.11617996960783,0.6538461538461539,0.36752136752136755,-0.2863247863247863,Market-Aligned / Other
Cam Sims,Commanders,2021,2022,UFA,Expired,1,2.59,2.0,12,23,15,211,233.70406602460451,0.6752136752136753,0.41025641025641024,-0.264957264957265,Market-Aligned / Other
Pharoh Cooper,Cardinals,2021,2022,SFA,Expired,1,1.035,0.0,8,11,4,33,103.82970906458864,0.3504273504273504,0.08547008547008547,-0.2649572649572649,Market-Aligned / Other
Nsimba Webster,Bears,2021,2022,SFA,Terminated,1,0.965,0.0,6,0,0,0,57.14187381452673,0.28205128205128205,0.02564102564102564,-0.2564102564102564,Market-Aligned / Other
Braxton Berrios,Jets,2021,2022,UFA,Terminated,2,6.0,7.0,16,65,46,431,325.2378770293126,0.7991452991452992,0.5470085470085471,-0.25213675213675213,Market-Aligned / Other
Isaiah McKenzie,Bills,2021,2022,UFA,Terminated,2,2.2,1.25,15,26,20,178,226.80586694191558,0.6410256410256411,0.39316239316239315,-0.24786324786324793,Market-Aligned / Other
River Cracraft,Dolphins,2021,2022,SFA,Terminated,1,0.965,0.0,3,0,0,0,63.998056878679726,0.28205128205128205,0.03418803418803419,-0.24786324786324787,Market-Aligned / Other
Jake Kumerow,Bills,2021,2022,UFA,Terminated,1,1.1875,0.07625,7,6,2,28,174.87931220218684,0.49572649572649574,0.2564102564102564,-0.23931623931623935,Market-Aligned / Other
Trent Sherfield,Dolphins,2021,2022,UFA,Expired,1,1.1875,0.5025,12,20,9,87,176.29105236740128,0.49572649572649574,0.26495726495726496,-0.23076923076923078,Market-Aligned / Other
Alex Erickson,Commanders,2021,2022,SFA,Terminated,1,1.035,0.0,17,4,3,55,120.7382665405586,0.3504273504273504,0.13675213675213677,-0.21367521367521364,Market-Aligned / Other
C.J. Board,Giants,2021,2022,UFA,Terminated,1,0.99,0.0,6,6,4,51,115.07681813013683,0.3162393162393162,0.1282051282051282,-0.18803418803418803,Market-Aligned / Other
Equanimeous St. Brown,Bears,2021,2022,Extension,Expired,1,1.25,0.17,12,17,9,98,210.3744232794592,0.5384615384615384,0.358974358974359,-0.17948717948717946,Market-Aligned / Other
Michael Gallup,Cowboys,2021,2022,UFA,June 1 Terminated,5,11.5,23.0,9,62,35,445,394.28399894545083,0.8547008547008547,0.6752136752136753,-0.1794871794871794,Market-Aligned / Other
Mack Hollins,Raiders,2021,2022,UFA,Expired,1,2.0,0.7,15,28,14,223,248.33751518197178,0.6111111111111112,0.4444444444444444,-0.16666666666666674,Market-Aligned / Other
Keke Coutee,Colts,2021,2022,SFA,Terminated,1,0.965,0.0,1,1,1,5,114.29568144724178,0.28205128205128205,0.11965811965811966,-0.16239316239316237,Market-Aligned / Other
Ray-Ray McCloud,49ers,2021,2022,UFA,Expired,2,2.0,2.785,16,66,39,277,257.74725381517004,0.6111111111111112,0.47863247863247865,-0.1324786324786325,Market-Aligned / Other
Mike Thomas,Bengals,2021,2022,UFA,Terminated,1,1.135,0.05,7,11,5,52,189.4048565579345,0.4444444444444444,0.3162393162393162,-0.1282051282051282,Market-Aligned / Other
Allen Robinson,Rams,2021,2022,UFA,Traded,3,15.5,30.25,12,66,38,410,433.3585705870433,0.8717948717948718,0.7521367521367521,-0.11965811965811968,High-Cost / High-Production
Noah Brown,Cowboys,2021,2022,UFA,Expired,1,1.1875,0.3025,9,25,16,184,213.48454218654234,0.49572649572649574,0.38461538461538464,-0.1111111111111111,Market-Aligned / Other
Marcus Kemp,Giants,2021,2022,SFA,Terminated,1,0.965,0.0,12,5,2,24,149.1887686057171,0.28205128205128205,0.18803418803418803,-0.09401709401709402,Market-Aligned / Other
T.Y. Hilton,Cowboys,2021,2022,SFA,Expired,1,2.9,0.6,10,37,23,331,349.6124393637236,0.6923076923076923,0.5982905982905983,-0.09401709401709402,Market-Aligned / Other
A.J. Brown,Eagles,2021,2022,Extension,Extended,4,25.0,40.0,13,105,63,869,777.1147366446261,0.9743589743589743,0.8888888888888888,-0.0854700854700855,High-Cost / High-Production
Julio Jones,Buccaneers,2021,2022,SFA,Expired,1,6.0,6.0,10,48,31,434,425.9298552851203,0.7991452991452992,0.7264957264957265,-0.07264957264957272,Market-Aligned / Other
Olamide Zaccheaus,Falcons,2021,2022,RFA,Expired,1,2.433,0.0,15,53,31,406,344.57520865194385,0.6538461538461539,0.5811965811965812,-0.07264957264957261,Market-Aligned / Other
Josh Reynolds,Lions,2021,2022,UFA,Expired,2,3.0,2.7,11,49,29,396,383.4133757215575,0.717948717948718,0.6495726495726496,-0.06837606837606836,Market-Aligned / Other
Marquez Valdes-Scantling,Chiefs,2021,2022,UFA,Terminated,3,10.0,8.56,11,55,26,430,460.33643614269045,0.8376068376068376,0.7777777777777778,-0.05982905982905984,High-Cost / High-Production
Deonte Harty,Saints,2021,2022,RFA,Expired,1,3.986,0.0,13,59,36,570,402.9305043422881,0.7692307692307693,0.7094017094017094,-0.05982905982905984,Market-Aligned / Other
Tyron Johnson,Texans,2021,2022,SFA,Terminated,1,0.895,0.0,7,5,2,16,122.63962417961051,0.21367521367521367,0.15384615384615385,-0.05982905982905981,Market-Aligned / Other
Tre'Quan Smith,Saints,2021,2022,UFA,Terminated,2,3.0,2.0,10,50,32,377,387.67905669899153,0.717948717948718,0.6666666666666666,-0.05128205128205132,Market-Aligned / Other
Mason Kinsey,Titans,2021,2022,SFA,Terminated,2,0.7875,0.0,1,0,0,0,79.27341426418572,0.10256410256410256,0.05128205128205128,-0.05128205128205128,Market-Aligned / Other
Michael Bandy,Chargers,2021,2022,SFA,Expired,1,0.705,0.0,1,0,0,0,72.95652955320203,0.09401709401709402,0.042735042735042736,-0.05128205128205128,Market-Aligned / Other
D.K. Metcalf,Steelers,2021,2022,Extension,Extended,3,24.0,31.0,17,129,75,967,870.497584474019,0.9615384615384616,0.9145299145299145,-0.047008547008547064,High-Cost / High-Production
Keith Kirkwood,Saints,2021,2022,SFA,Expired,1,0.895,0.0,3,7,3,17,129.22082471521367,0.21367521367521367,0.17094017094017094,-0.04273504273504272,Market-Aligned / Other
Breshad Perriman,Buccaneers,2021,2022,UFA,Expired,1,1.2725,0.895,5,18,11,167,279.4469074157923,0.5512820512820513,0.5128205128205128,-0.03846153846153855,Market-Aligned / Other
Terry McLaurin,Commanders,2021,2022,Extension,Extended,3,23.2,34.654118,17,130,77,1053,852.9480266415295,0.9401709401709402,0.905982905982906,-0.03418803418803418,High-Cost / High-Production
Tom Kennedy,Lions,2021,2022,ERFA,Terminated,1,0.825,0.0,6,10,6,54,108.81720292336828,0.1282051282051282,0.09401709401709402,-0.03418803418803418,Market-Aligned / Other
Stefon Diggs,Texans,2021,2022,Extension,Renegotiated,4,24.0,47.985,17,164,103,1225,897.3499449902465,0.9615384615384616,0.9316239316239316,-0.02991452991452992,High-Cost / High-Production
Randall Cobb,Packers,2021,2022,Other,Expired,1,3.0,0.0,11,39,28,375,395.63850208954824,0.717948717948718,0.6923076923076923,-0.02564102564102566,Market-Aligned / Other
Jacob Harris,Rams,2021,2022,SFA,Expired,1,0.825,0.0,2,0,0,0,109.8312906334403,0.1282051282051282,0.10256410256410256,-0.025641025641025633,Market-Aligned / Other
Chris Godwin,Buccaneers,2021,2022,Franchise,Expired,3,20.0,40.0,14,127,98,1103,838.9336231374047,0.9188034188034188,0.8974358974358975,-0.02136752136752129,High-Cost / High-Production
Tyreek Hill,Dolphins,2021,2022,Extension,Renegotiated,4,30.0,52.535,17,159,111,1239,971.9144971307644,1.0,0.9829059829059829,-0.017094017094017144,High-Cost / High-Production
Sterling Shepard,Giants,2021,2022,Other,Expired,2,3.0,2.0,7,53,36,366,402.7013852368734,0.717948717948718,0.7008547008547008,-0.017094017094017144,Market-Aligned / Other
Jalen Camp,Texans,2021,2022,SFA,Terminated,1,0.825,0.0,1,0,0,0,112.15914001760963,0.1282051282051282,0.1111111111111111,-0.01709401709401709,Market-Aligned / Other
Zay Jones,Jaguars,2021,2022,UFA,Terminated,3,8.0,14.0,15,70,47,546,490.5895830826292,0.8205128205128205,0.8034188034188035,-0.017094017094017033,High-Cost / High-Production
Marquise Goodwin,Seahawks,2021,2022,SFA,Expired,1,1.2725,0.1525,14,40,20,313,324.4516220919659,0.5512820512820513,0.5384615384615384,-0.012820512820512886,Market-Aligned / Other
Adam Thielen,Vikings,2021,2022,Other,Terminated,3,14.892353,13.253529,13,95,67,726,667.7557693642335,0.8632478632478633,0.8547008547008547,-0.008547008547008628,High-Cost / High-Production
KhaDarel Hodge,Falcons,2021,2022,UFA,Expired,1,1.07,0.035,12,27,13,157,212.92015698514416,0.38461538461538464,0.37606837606837606,-0.008547008547008572,Market-Aligned / Other
Chris Moore,Texans,2021,2022,UFA,Expired,1,1.1875,1.0475,10,22,21,227,258.0498769726077,0.49572649572649574,0.48717948717948717,-0.008547008547008572,Market-Aligned / Other
Dan Chisena,Vikings,2021,2022,Practice,Expired,1,0.283444,0.0,2,0,0,0,81.2164450827984,0.06837606837606838,0.05982905982905983,-0.008547008547008551,Market-Aligned / Other
Christian Kirk,Jaguars,2021,2022,UFA,Terminated,4,18.0,37.0,17,103,77,982,771.2147311300599,0.8888888888888888,0.8803418803418803,-0.008547008547008517,High-Cost / High-Production
Chris Conley,Texans,2021,2022,UFA,Terminated,1,2.0,0.75,14,37,22,323,352.1494444893912,0.6111111111111112,0.6068376068376068,-0.004273504273504369,Market-Aligned / Other
Brandon Zylstra,Panthers,2021,2022,UFA,Terminated,1,1.1875,1.0475,12,25,18,250,261.5821983533417,0.49572649572649574,0.49572649572649574,0.0,Market-Aligned / Other
Davante Adams,Jets,2021,2022,Franchise,Terminated,5,28.0,22.75,16,169,123,1553,1116.756261371782,0.9914529914529915,0.9914529914529915,0.0,High-Cost / High-Production
Keelan Cole,Raiders,2021,2022,SFA,Terminated,1,1.2785,0.15,14,51,28,449,329.83839146201933,0.5641025641025641,0.5641025641025641,0.0,Market-Aligned / Other
Dante Pettis,Bears,2021,2022,SFA,Expired,1,1.035,0.0,3,16,10,87,210.18417373307616,0.3504273504273504,0.3504273504273504,0.0,Market-Aligned / Other
Byron Pringle,Bears,2021,2022,UFA,Expired,1,4.125,3.9,16,60,42,568,466.92317989147324,0.7863247863247863,0.7863247863247863,0.0,High-Cost / High-Production
Russell Gage,Buccaneers,2021,2022,UFA,Renegotiated,3,10.0,15.0,13,94,66,770,661.006070834639,0.8376068376068376,0.8461538461538461,0.008547008547008517,High-Cost / High-Production
Josh Gordon,Chiefs,2021,2022,SFA,Terminated,1,1.12,0.0,9,14,5,32,236.87455898756795,0.41025641025641024,0.4188034188034188,0.008547008547008572,Market-Aligned / Other
Cooper Kupp,Rams,2021,2022,Extension,Terminated,3,26.7,35.0,17,191,145,1947,1149.2466444461638,0.9829059829059829,1.0,0.017094017094017144,High-Cost / High-Production
Jamison Crowder,Bills,2021,2022,UFA,Expired,1,2.0,1.87,12,71,51,447,358.3876700410902,0.6111111111111112,0.6324786324786325,0.02136752136752129,Market-Aligned / Other
Mike Williams,Chargers,2021,2022,UFA,Terminated,3,20.0,40.0,16,129,76,1146,901.7118012383361,0.9188034188034188,0.9401709401709402,0.021367521367521403,High-Cost / High-Production
Cedrick Wilson Jr.,Dolphins,2021,2022,UFA,Renegotiated,3,7.35,12.75,14,61,45,602,569.932890148214,0.811965811965812,0.8376068376068376,0.02564102564102566,High-Cost / High-Production
Penny Hart,Seahawks,2021,2022,ERFA,Expired,1,0.895,0.0,11,12,7,59,172.01641753265486,0.21367521367521367,0.23931623931623933,0.02564102564102566,Market-Aligned / Other
D.J. Moore,Bears,2021,2022,Extension,Extended,3,20.628,41.61,17,163,93,1157,913.9207271427031,0.9316239316239316,0.9572649572649573,0.02564102564102566,High-Cost / High-Production
Deebo Samuel,49ers,2021,2022,Extension,Traded,3,23.85,41.0,16,121,77,1405,960.253314970253,0.9487179487179487,0.9743589743589743,0.02564102564102566,High-Cost / High-Production
Damiere Byrd,Falcons,2021,2022,UFA,Expired,1,1.1875,0.4,11,38,26,329,310.8814894429014,0.49572649572649574,0.5299145299145299,0.03418803418803418,Market-Aligned / Other
Cody Hollister,Titans,2021,2022,SFA,Expired,1,0.895,0.0,3,7,4,33,173.48154731003228,0.21367521367521367,0.24786324786324787,0.034188034188034205,Market-Aligned / Other
Allen Lazard,Packers,2021,2022,RFA,Expired,1,3.986,0.0,14,60,40,513,500.85397548074445,0.7692307692307693,0.811965811965812,0.042735042735042694,High-Cost / High-Production
Brandin Cooks,Texans,2021,2022,Extension,Traded,2,19.882353,36.0,16,134,90,1037,905.1229655640021,0.905982905982906,0.9487179487179487,0.042735042735042694,High-Cost / High-Production
Malik Turner,49ers,2021,2022,UFA,Terminated,1,1.11,0.3,7,16,12,149,239.50547411626502,0.39316239316239315,0.4358974358974359,0.04273504273504275,Market-Aligned / Other
Hunter Renfrow,Raiders,2021,2022,Extension,Terminated,2,15.85,14.5,17,128,103,1038,895.7199403256338,0.8803418803418803,0.9230769230769231,0.042735042735042805,High-Cost / High-Production
Trenton Irwin,Bengals,2021,2022,SFA,Expired,2,0.8825,0.0,5,5,2,34,170.27553154712805,0.16666666666666666,0.23076923076923078,0.06410256410256412,Market-Aligned / Other
Diontae Johnson,Panthers,2021,2022,Extension,Traded,2,18.355,19.0,16,169,107,1161,944.7753286789963,0.8974358974358975,0.9658119658119658,0.06837606837606836,High-Cost / High-Production
Demarcus Robinson,Raiders,2021,2022,UFA,Terminated,1,1.1875,0.4275,14,41,25,264,338.8170486771047,0.49572649572649574,0.5726495726495726,0.07692307692307687,Market-Aligned / Other
Jarvis Landry,Saints,2021,2022,SFA,Expired,1,3.0,3.0,12,87,52,570,486.17154054833367,0.717948717948718,0.7948717948717948,0.07692307692307687,Market-Aligned / Other
David Sills,Giants,2021,2022,ERFA,Terminated,1,0.825,0.0,4,6,2,17,162.88336936456096,0.1282051282051282,0.20512820512820512,0.07692307692307693,Market-Aligned / Other
James Washington,Cowboys,2021,2022,UFA,Terminated,1,1.1875,1.0475,15,44,24,285,346.4622895147976,0.49572649572649574,0.5897435897435898,0.09401709401709402,Market-Aligned / Other
Jeff Smith,Jets,2021,2022,ERFA,Expired,1,0.895,0.0,9,17,8,113,188.4597394141272,0.21367521367521367,0.3076923076923077,0.09401709401709404,Market-Aligned / Other
Jakobi Meyers,Patriots,2021,2022,RFA,Expired,1,3.986,0.0,16,126,83,866,710.3201770677014,0.7692307692307693,0.8717948717948718,0.10256410256410253,High-Cost / High-Production
Marcus Johnson,49ers,2021,2022,UFA,Terminated,1,1.035,0.25,7,19,9,160,249.37819049180246,0.3504273504273504,0.452991452991453,0.10256410256410259,Market-Aligned / Other
Jason Moore,Chargers,2021,2022,SFA,Terminated,1,0.895,0.0,1,4,3,56,191.35144992785567,0.21367521367521367,0.3247863247863248,0.11111111111111113,Market-Aligned / Other
DeAndre Carter,Chargers,2021,2022,UFA,Expired,1,1.135,0.1,17,44,24,296,326.60003013824064,0.4444444444444444,0.5555555555555556,0.11111111111111116,Market-Aligned / Other
Kevin White,Saints,2021,2022,SFA,Terminated,1,1.035,0.0,4,5,1,38,254.56822967523192,0.3504273504273504,0.46153846153846156,0.11111111111111116,Market-Aligned / Other
Trinity Benson,Lions,2021,2022,SFA,Terminated,2,0.8825,0.0,7,22,10,103,183.45076856418436,0.16666666666666666,0.28205128205128205,0.11538461538461539,Market-Aligned / Other
Chester Rogers,Texans,2021,2022,SFA,Terminated,1,1.035,0.0,16,43,30,301,257.5881223856222,0.3504273504273504,0.4700854700854701,0.11965811965811968,Market-Aligned / Other
A.J. Green,Cardinals,2021,2022,UFA,Expired,1,3.5,3.0,16,92,54,848,669.8424887517265,0.7435897435897436,0.8632478632478633,0.11965811965811968,Market-Aligned / Other
Andy Isabella,Ravens,2021,2022,Practice,Elevated,1,0.3582,0.0,3,1,1,13,166.63545297435877,0.08547008547008547,0.21367521367521367,0.1282051282051282,Market-Aligned / Other
Frank Darby,Falcons,2021,2022,SFA,Terminated,2,0.8825,0.0,4,4,1,14,185.27425205624223,0.16666666666666666,0.29914529914529914,0.13247863247863248,Market-Aligned / Other
Juwann Winfree,Packers,2021,2022,Practice,Expired,1,0.321666,0.0,5,13,8,58,167.21542917813068,0.07692307692307693,0.2222222222222222,0.14529914529914528,Market-Aligned / Other
Zach Pascal,Eagles,2021,2022,UFA,Expired,1,1.5,1.5,16,69,38,384,419.5807417924946,0.5726495726495726,0.717948717948718,0.14529914529914534,Market-Aligned / Other
Cody White,Steelers,2021,2022,Practice,Expired,1,0.241333,0.0,6,6,5,33,154.97789162619728,0.04700854700854701,0.19658119658119658,0.14957264957264957,Market-Aligned / Other
Sammy Watkins,Ravens,2021,2022,UFA,Expired,1,1.85,0.35,11,49,27,394,427.8669367600977,0.5897435897435898,0.7435897435897436,0.15384615384615385,Market-Aligned / Other
Kalif Raymond,Lions,2021,2022,UFA,Extended,2,2.5,2.85,16,71,48,576,510.8195188929618,0.6666666666666666,0.8205128205128205,0.15384615384615385,Market-Aligned / Other
Tyrie Cleveland,Eagles,2021,2022,Practice,Expired,1,0.207,0.0,4,1,0,0,137.00642917296213,0.021367521367521368,0.1794871794871795,0.1581196581196581,Market-Aligned / Other
Lil'Jordan Humphrey,Patriots,2021,2022,SFA,Terminated,1,0.965,0.0,8,18,13,249,278.1549328561085,0.28205128205128205,0.5042735042735043,0.2222222222222222,Market-Aligned / Other
John Brown,Bills,2021,2022,Practice,Expired,1,0.2772,0.0,3,3,0,0,184.10208212752016,0.05982905982905983,0.2905982905982906,0.23076923076923078,Market-Aligned / Other
Kendall Hinton,Broncos,2021,2022,SFA,Terminated,2,0.8825,0.0,11,23,15,175,228.81817256841072,0.16666666666666666,0.4017094017094017,0.23504273504273507,Market-Aligned / Other
Dezmon Patmon,Colts,2021,2022,Practice,Elevated,1,0.207,0.0,4,4,2,21,179.87106454472735,0.021367521367521368,0.27350427350427353,0.2521367521367522,Market-Aligned / Other
Laquon Treadwell,Jaguars,2021,2022,UFA,Terminated,1,1.1875,0.425,12,51,33,434,434.7979095290168,0.49572649572649574,0.7606837606837606,0.2649572649572649,Lower-Cost / High-Production Value
DeSean Jackson,Ravens,2021,2022,SFA,Terminated,1,1.12,0.0,14,34,20,454,395.15747689585345,0.41025641025641024,0.6837606837606838,0.27350427350427353,Market-Aligned / Other
Dez Fitzpatrick,Titans,2021,2022,Practice,Expired,1,0.241333,0.0,3,8,5,49,197.12936486408321,0.04700854700854701,0.3333333333333333,0.2863247863247863,Market-Aligned / Other
Ihmir Smith-Marsette,Chiefs,2021,2022,Practice,Expired,1,0.207,0.0,6,6,5,116,210.12104268985533,0.021367521367521368,0.3418803418803419,0.32051282051282054,Market-Aligned / Other
Darius Slayton,Giants,2021,2022,Other,Expired,1,0.965,0.0,13,58,26,339,352.9850484420196,0.28205128205128205,0.6153846153846154,0.33333333333333337,Market-Aligned / Other
Freddie Swain,Broncos,2021,2022,SFA,Claimed,2,0.9525,0.0,17,40,25,343,359.97037147127844,0.24786324786324787,0.6410256410256411,0.3931623931623932,Market-Aligned / Other
Cole Beasley,Bills,2021,2022,SFA,Expired,1,1.12,0.0,16,112,82,693,531.2769817494152,0.41025641025641024,0.8290598290598291,0.41880341880341887,Lower-Cost / High-Production Value
Nick Westbrook-Ikhine,Titans,2021,2022,ERFA,Expired,1,0.895,0.0,15,57,38,476,386.5710027468734,0.21367521367521367,0.6581196581196581,0.4444444444444444,Market-Aligned / Other
Jalen Guyton,Chargers,2021,2022,ERFA,Expired,1,0.965,0.0,16,48,31,448,427.10521876420574,0.28205128205128205,0.7350427350427351,0.45299145299145305,Market-Aligned / Other
Jauan Jennings,49ers,2021,2022,ERFA,Expired,1,0.825,0.0,13,38,24,282,353.35940818305505,0.1282051282051282,0.6239316239316239,0.49572649572649574,Market-Aligned / Other
Bryan Edwards,Chiefs,2021,2022,Practice,Terminated,1,0.207,0.0,16,59,34,571,438.74932106889304,0.021367521367521368,0.7692307692307693,0.7478632478632479,Lower-Cost / High-Production Value
Matt Slater,Patriots,2022,2023,UFA,Expired,1,2.6675,2.6675,8,0,0,0,24.12632111535331,0.7307692307692307,0.01282051282051282,-0.717948717948718,Market-Aligned / Other
Deonte Harty,Bills,2022,2023,UFA,Terminated,2,4.75,4.75,4,2,2,13,107.24806719639002,0.8205128205128205,0.1794871794871795,-0.641025641025641,High-Cost / Lower-Production Review
Gunner Olszewski,Steelers,2022,2023,Other,Terminated,1,1.4,0.0,15,7,5,53,104.99953259749358,0.6025641025641025,0.15384615384615385,-0.4487179487179487,Market-Aligned / Other
Michael Thomas,Saints,2022,2023,Other,June 1 Terminated,1,10.0,6.26,3,22,16,171,313.99398134505554,0.9551282051282052,0.5512820512820513,-0.40384615384615385,Market-Aligned / Other
Cedrick Wilson Jr.,Dolphins,2022,2023,Other,Expired,1,5.0,5.0,13,18,12,136,221.61025860137818,0.8397435897435898,0.44871794871794873,-0.391025641025641,High-Cost / Lower-Production Review
Steven Sims,Texans,2022,2023,SFA,Terminated,1,1.5,0.5,12,23,14,104,154.81706140300037,0.6217948717948718,0.3076923076923077,-0.3141025641025641,Market-Aligned / Other
Alex Erickson,Commanders,2022,2023,SFA,Terminated,1,1.105,0.025,2,0,0,0,66.20895819196726,0.358974358974359,0.05128205128205128,-0.3076923076923077,Market-Aligned / Other
Jamison Crowder,Giants,2022,2023,UFA,Terminated,1,1.3175,0.0275,4,13,6,60,146.2314731264297,0.5576923076923077,0.28205128205128205,-0.27564102564102566,Market-Aligned / Other
Braxton Berrios,Dolphins,2022,2023,SFA,Expired,1,3.5,3.0,17,32,18,145,242.87207571978442,0.782051282051282,0.5128205128205128,-0.2692307692307693,Market-Aligned / Other
Chris Conley,49ers,2022,2023,UFA,Terminated,1,1.3175,0.4,4,7,4,46,147.6759484217198,0.5576923076923077,0.2948717948717949,-0.26282051282051283,Market-Aligned / Other
Allen Robinson,Steelers,2022,2023,Other,Terminated,2,7.5,5.0,10,52,33,339,388.36541569761806,0.8974358974358975,0.6923076923076923,-0.20512820512820518,Market-Aligned / Other
Trent Taylor,Bengals,2022,2023,UFA,Terminated,1,1.2325,0.0525,16,10,6,62,137.30026273642198,0.46153846153846156,0.2692307692307692,-0.19230769230769235,Market-Aligned / Other
Zach Pascal,Cardinals,2022,2023,UFA,Expired,2,2.25,1.5,15,19,15,150,239.50087733519175,0.6923076923076923,0.5,-0.1923076923076923,Market-Aligned / Other
Dan Chisena,Cardinals,2022,2023,SFA,Terminated,2,0.9975,0.0,2,0,0,0,65.59407074179695,0.21153846153846154,0.038461538461538464,-0.17307692307692307,Market-Aligned / Other
Miles Boykin,Steelers,2022,2023,UFA,Expired,1,1.08,0.0,10,3,2,11,107.37899834401824,0.32051282051282054,0.19230769230769232,-0.12820512820512822,Market-Aligned / Other
Randall Cobb,Jets,2022,2023,SFA,Expired,1,3.0,0.25,13,50,34,417,349.14420190112526,0.75,0.6410256410256411,-0.10897435897435892,Market-Aligned / Other
Lil'Jordan Humphrey,Broncos,2022,2023,SFA,Terminated,1,1.08,0.0,4,4,2,20,118.87002412283175,0.32051282051282054,0.21794871794871795,-0.10256410256410259,Market-Aligned / Other
Justin Watson,Chiefs,2022,2023,UFA,Expired,2,1.7,1.3,17,34,15,315,319.12268664628374,0.6602564102564102,0.5641025641025641,-0.09615384615384615,Market-Aligned / Other
Keith Kirkwood,Saints,2022,2023,ERFA,Terminated,1,1.01,0.0,3,4,2,18,105.02856820094334,0.25,0.16666666666666666,-0.08333333333333334,Market-Aligned / Other
Trent Sherfield,Bills,2022,2023,UFA,Expired,1,1.77,0.75,16,51,30,417,342.3304098319994,0.6794871794871795,0.6025641025641025,-0.07692307692307698,Market-Aligned / Other
DeAndre Hopkins,Titans,2022,2023,SFA,Traded,2,13.0,10.98,9,96,64,717,641.8067046822633,1.0,0.9358974358974359,-0.0641025641025641,High-Cost / High-Production
Britain Covey,Eagles,2022,2023,SFA,Expired,2,0.9275,0.0,17,0,0,0,79.48150113385972,0.12179487179487179,0.0641025641025641,-0.057692307692307696,Market-Aligned / Other
Nelson Agholor,Ravens,2022,2023,UFA,Expired,1,3.25,3.25,14,53,31,362,407.4578607168516,0.7692307692307693,0.717948717948718,-0.05128205128205132,Market-Aligned / Other
Mecole Hardman,Chiefs,2022,2023,UFA,Expired,1,4.0,3.58,8,34,25,297,414.35280805607186,0.7948717948717948,0.7435897435897436,-0.05128205128205121,Market-Aligned / Other
Brandin Cooks,Cowboys,2022,2023,Other,Expired,2,10.0,12.0,13,93,57,699,606.2989552491146,0.9551282051282052,0.9102564102564102,-0.044871794871794934,High-Cost / High-Production
Sterling Shepard,Giants,2022,2023,UFA,Expired,1,1.3175,0.0,3,24,13,154,255.84820715141794,0.5576923076923077,0.5256410256410257,-0.03205128205128205,Market-Aligned / Other
Juwann Winfree,Colts,2022,2023,SFA,Expired,2,1.0675,0.0,3,4,1,17,126.08542096536549,0.28205128205128205,0.2564102564102564,-0.02564102564102566,Market-Aligned / Other
Damiere Byrd,Panthers,2022,2023,UFA,Terminated,1,1.3175,0.1525,12,23,13,268,257.1458368140236,0.5576923076923077,0.5384615384615384,-0.019230769230769273,Market-Aligned / Other
D.J. Chark,Panthers,2022,2023,UFA,Expired,1,5.0,5.0,11,52,30,502,468.01570381150765,0.8397435897435898,0.8205128205128205,-0.019230769230769273,High-Cost / High-Production
DeVante Parker,Patriots,2022,2023,Extension,Terminated,2,5.4,9.1,12,47,31,539,483.60612224641716,0.8717948717948718,0.8589743589743589,-0.012820512820512886,High-Cost / High-Production
Laquon Treadwell,Ravens,2022,2023,SFA,Terminated,1,1.165,0.0,3,10,6,42,194.61262587459052,0.38461538461538464,0.3717948717948718,-0.01282051282051283,Market-Aligned / Other
Robert Woods,Texans,2022,2023,SFA,Expired,2,7.625,10.0,17,91,53,527,506.3074183014256,0.9102564102564102,0.8974358974358975,-0.012820512820512775,High-Cost / High-Production
Andy Isabella,Bills,2022,2023,SFA,Terminated,1,1.08,0.0,4,5,2,21,156.82400834177727,0.32051282051282054,0.32051282051282054,0.0,Market-Aligned / Other
Parris Campbell,Giants,2022,2023,UFA,Expired,1,4.7,2.9,17,91,63,623,461.2629244349267,0.8076923076923077,0.8076923076923077,0.0,High-Cost / High-Production
Stanley Morgan,Bengals,2022,2023,Practice,Expired,1,0.435,0.0,9,1,0,0,59.868585238326546,0.02564102564102564,0.02564102564102564,0.0,Market-Aligned / Other
Jalen Guyton,Chargers,2022,2023,SFA,Expired,1,1.2325,0.076,2,4,2,64,223.5463493393277,0.46153846153846156,0.46153846153846156,0.0,Market-Aligned / Other
Andre Baccellia,Cardinals,2022,2023,SFA,Terminated,2,0.9275,0.0,5,10,7,45,102.285648362449,0.12179487179487179,0.1282051282051282,0.006410256410256401,Market-Aligned / Other
Tim Jones,Jaguars,2022,2023,ERFA,Expired,1,0.87,0.0,7,4,3,30,90.39897993836176,0.07051282051282051,0.07692307692307693,0.006410256410256415,Market-Aligned / Other
Allen Lazard,Jets,2022,2023,UFA,Renegotiated,4,11.0,22.0,15,100,60,788,747.5812562098287,0.9807692307692307,0.9871794871794872,0.0064102564102564985,High-Cost / High-Production
Brandon Powell,Vikings,2022,2023,UFA,Expired,1,1.2325,0.275,17,32,24,156,232.70274578342216,0.46153846153846156,0.47435897435897434,0.012820512820512775,Market-Aligned / Other
KhaDarel Hodge,Falcons,2022,2023,UFA,Expired,1,1.2,0.0,13,20,13,202,217.4262656801354,0.41025641025641024,0.4230769230769231,0.01282051282051283,Market-Aligned / Other
Austin Trammell,Rams,2022,2023,SFA,Expired,1,0.87,0.0,2,4,2,13,93.37876615988777,0.07051282051282051,0.08974358974358974,0.019230769230769232,Market-Aligned / Other
D.J. Turner,Raiders,2022,2023,SFA,Expired,2,0.9275,0.0,5,1,0,0,102.48876609797465,0.12179487179487179,0.14102564102564102,0.019230769230769232,Market-Aligned / Other
Jakobi Meyers,Raiders,2022,2023,UFA,Traded,3,11.0,16.0,14,96,67,804,778.3381305615318,0.9807692307692307,1.0,0.019230769230769273,High-Cost / High-Production
River Cracraft,Dolphins,2022,2023,UFA,Expired,1,1.08,0.0,8,14,9,102,177.59899958273803,0.32051282051282054,0.34615384615384615,0.025641025641025605,Market-Aligned / Other
Scott Miller,Falcons,2022,2023,UFA,Expired,1,1.2325,0.1525,12,40,23,185,233.2017342195567,0.46153846153846156,0.48717948717948717,0.025641025641025605,Market-Aligned / Other
Kalif Raymond,Lions,2022,2023,Extension,Renegotiated,2,5.25,8.15,17,64,47,616,501.14282374627703,0.8589743589743589,0.8846153846153846,0.02564102564102566,High-Cost / High-Production
Simi Fehoko,Chargers,2022,2023,SFA,Terminated,1,0.94,0.0,3,4,3,24,109.92458424001637,0.17307692307692307,0.20512820512820512,0.03205128205128205,Market-Aligned / Other
DeAndre Carter,Raiders,2022,2023,UFA,Expired,1,1.5,1.255,17,65,46,538,354.4951287129138,0.6217948717948718,0.6538461538461539,0.03205128205128205,Market-Aligned / Other
Adam Thielen,Panthers,2022,2023,SFA,Renegotiated,3,8.333333,14.0,17,107,70,716,654.2138210524661,0.9230769230769231,0.9615384615384616,0.038461538461538436,High-Cost / High-Production
JuJu Smith-Schuster,Patriots,2022,2023,UFA,Terminated,3,8.5,16.0,16,101,78,933,744.2432442812851,0.9358974358974359,0.9743589743589743,0.038461538461538436,High-Cost / High-Production
Ihmir Smith-Marsette,Panthers,2022,2023,SFA,Expired,1,0.94,0.0,4,4,1,15,123.29778934311969,0.17307692307692307,0.23076923076923078,0.05769230769230771,Market-Aligned / Other
Mason Kinsey,Titans,2022,2023,SFA,Terminated,2,0.8325,0.0,2,1,1,3,99.44493865771351,0.038461538461538464,0.10256410256410256,0.0641025641025641,Market-Aligned / Other
Julio Jones,Eagles,2022,2023,SFA,Expired,1,1.567,0.0,10,43,24,299,406.22073347067715,0.6410256410256411,0.7051282051282052,0.0641025641025641,Market-Aligned / Other
Darius Slayton,Giants,2022,2023,UFA,Renegotiated,2,6.0,4.9,13,71,46,724,647.4349839775797,0.8846153846153846,0.9487179487179487,0.0641025641025641,High-Cost / High-Production
Marquise Goodwin,Browns,2022,2023,UFA,Expired,1,1.7,0.4,13,42,27,387,407.8286175278513,0.6602564102564102,0.7307692307692307,0.07051282051282048,Market-Aligned / Other
Noah Brown,Texans,2022,2023,UFA,Expired,1,2.6,2.25,16,74,43,555,433.4880468528056,0.717948717948718,0.7948717948717948,0.07692307692307687,Market-Aligned / Other
James Proche,Browns,2022,2023,SFA,Expired,1,1.01,0.0,11,17,8,62,168.38900018557771,0.25,0.3333333333333333,0.08333333333333331,Market-Aligned / Other
Jaelon Darden,Browns,2022,2023,Practice,Expired,1,0.256222,0.0,14,2,2,26,100.27762069850701,0.01282051282051282,0.11538461538461539,0.10256410256410257,Market-Aligned / Other
Byron Pringle,Commanders,2022,2023,SFA,Expired,1,1.08,0.0,10,16,10,135,220.96853753634284,0.32051282051282054,0.4358974358974359,0.11538461538461536,Market-Aligned / Other
Montrell Washington,Chiefs,2022,2023,SFA,Terminated,2,0.9275,0.0,15,9,4,2,123.67575391596361,0.12179487179487179,0.24358974358974358,0.12179487179487179,Market-Aligned / Other
Robbie Chosen,Dolphins,2022,2023,SFA,Terminated,1,1.3175,0.1525,12,44,20,282,374.40718311508914,0.5576923076923077,0.6794871794871795,0.1217948717948718,Market-Aligned / Other
Marvin Jones,Lions,2022,2023,UFA,Terminated,1,3.0,3.0,16,81,46,529,496.79598382606724,0.75,0.8717948717948718,0.1217948717948718,High-Cost / High-Production
Jalen Reagor,Patriots,2022,2023,SFA,Expired,1,1.01,0.0,17,13,8,104,196.36917472290475,0.25,0.38461538461538464,0.13461538461538464,Market-Aligned / Other
Chris Moore,Titans,2022,2023,UFA,Expired,1,1.3175,1.0,15,74,48,548,416.94522873858284,0.5576923076923077,0.7564102564102564,0.19871794871794868,Market-Aligned / Other
Mike Strachan,Panthers,2022,2023,SFA,Terminated,2,0.9975,0.0,5,9,3,59,206.94786948063694,0.21153846153846154,0.41025641025641024,0.1987179487179487,Market-Aligned / Other
Isaiah McKenzie,Colts,2022,2023,SFA,Terminated,1,1.2325,0.4025,15,65,42,423,360.6634412431334,0.46153846153846156,0.6666666666666666,0.20512820512820507,Market-Aligned / Other
Mack Hollins,Falcons,2022,2023,UFA,Expired,1,2.5,0.91,17,94,57,690,621.6367700525435,0.7051282051282052,0.9230769230769231,0.21794871794871795,Market-Aligned / Other
Amari Rodgers,Colts,2022,2023,SFA,Terminated,1,0.94,0.0,15,25,16,204,204.7339455110449,0.17307692307692307,0.3974358974358974,0.22435897435897434,Market-Aligned / Other
Phillip Dorsett,Raiders,2022,2023,UFA,Terminated,1,1.165,0.0,15,40,20,257,345.0233559364191,0.38461538461538464,0.6153846153846154,0.23076923076923078,Market-Aligned / Other
Nick Westbrook-Ikhine,Titans,2022,2023,SFA,Expired,1,1.26,0.4,16,50,25,397,430.01817717743165,0.5128205128205128,0.782051282051282,0.2692307692307693,Market-Aligned / Other
Michael Bandy,Broncos,2022,2023,SFA,Terminated,1,0.87,0.0,8,21,10,89,182.3278279005722,0.07051282051282051,0.358974358974359,0.28846153846153844,Market-Aligned / Other
Greg Dortch,Cardinals,2022,2023,ERFA,Expired,1,1.01,0.0,16,64,52,467,340.35907862257324,0.25,0.5897435897435898,0.33974358974358976,Market-Aligned / Other
Richie James,Chiefs,2022,2023,UFA,Expired,1,1.2325,0.5525,16,70,57,569,477.6654334177999,0.46153846153846156,0.8333333333333334,0.3717948717948718,Lower-Cost / High-Production Value
Olamide Zaccheaus,Eagles,2022,2023,UFA,Expired,1,1.2325,0.65,16,61,40,533,479.74702565285577,0.46153846153846156,0.8461538461538461,0.3846153846153846,Lower-Cost / High-Production Value
Demarcus Robinson,Rams,2022,2023,SFA,Expired,1,1.165,0.0,16,75,48,458,419.9916474766586,0.38461538461538464,0.7692307692307693,0.38461538461538464,Lower-Cost / High-Production Value
Jauan Jennings,49ers,2022,2023,ERFA,Expired,1,0.94,0.0,16,56,35,416,346.68018282485866,0.17307692307692307,0.6282051282051282,0.4551282051282051,Market-Aligned / Other
Isaiah Hodgins,Giants,2022,2023,ERFA,Expired,1,0.87,0.0,9,48,37,392,322.80222750820826,0.07051282051282051,0.5769230769230769,0.5064102564102564,Market-Aligned / Other
Devin Duvernay,Jaguars,2023,2024,UFA,Terminated,2,4.25,5.7,13,9,4,18,81.62791892247327,0.7052631578947368,0.031578947368421054,-0.6736842105263158,Market-Aligned / Other
Steven Sims,Ravens,2023,2024,SFA,Expired,1,1.325,0.075,3,3,3,25,103.67597992120841,0.47368421052631576,0.12631578947368421,-0.34736842105263155,Market-Aligned / Other
Trent Sherfield,Vikings,2023,2024,UFA,Expired,1,1.79,1.0,11,22,11,86,151.78393161137672,0.5263157894736842,0.23157894736842105,-0.29473684210526313,Market-Aligned / Other
Ray-Ray McCloud,Falcons,2023,2024,SFA,Terminated,2,2.5,2.125,12,15,12,135,185.2605358889787,0.6,0.3157894736842105,-0.28421052631578947,Market-Aligned / Other
Jauan Jennings,49ers,2023,2024,RFA,Expired,2,5.945,8.435,13,33,19,265,292.68218495301505,0.7263157894736842,0.5052631578947369,-0.2210526315789474,Market-Aligned / Other
Mike Williams,Steelers,2023,2024,UFA,Expired,1,10.0,8.3,3,26,19,249,303.7565722665899,0.7894736842105263,0.5684210526315789,-0.2210526315789474,Market-Aligned / Other
Chris Conley,49ers,2023,2024,UFA,Expired,1,1.55,0.46,1,6,3,69,181.36036209977357,0.5157894736842106,0.30526315789473685,-0.21052631578947373,Market-Aligned / Other
Ihmir Smith-Marsette,Panthers,2023,2024,SFA,Terminated,1,1.41,0.395,17,10,8,51,176.60536488240413,0.49473684210526314,0.29473684210526313,-0.2,Market-Aligned / Other
Sterling Shepard,Buccaneers,2023,2024,SFA,Terminated,1,1.3775,0.05,10,22,10,57,174.52245720513167,0.4842105263157895,0.28421052631578947,-0.2,Market-Aligned / Other
Dan Chisena,Panthers,2023,2024,SFA,Expired,1,1.055,0.0,1,0,0,0,56.706175481035665,0.2,0.010526315789473684,-0.18947368421052632,Market-Aligned / Other
Braxton Berrios,Dolphins,2023,2024,UFA,Expired,1,2.15,1.2,16,33,27,238,215.6038810603564,0.5578947368421052,0.3684210526315789,-0.1894736842105263,Market-Aligned / Other
Tyler Johnson,Rams,2023,2024,SFA,Expired,1,1.13,0.075,1,3,2,8,103.21080484256044,0.29473684210526313,0.11578947368421053,-0.1789473684210526,Market-Aligned / Other
David Moore,Panthers,2023,2024,UFA,Expired,1,1.2925,0.0,6,7,5,94,152.63438290846224,0.4052631578947368,0.24210526315789474,-0.16315789473684209,Market-Aligned / Other
Laviska Shenault,Seahawks,2023,2024,UFA,Terminated,1,1.2925,1.1525,8,10,10,60,164.55411609378842,0.4052631578947368,0.25263157894736843,-0.1526315789473684,Market-Aligned / Other
Darnell Mooney,Falcons,2023,2024,UFA,Terminated,3,13.0,26.0,14,61,31,414,367.8027236998273,0.8052631578947368,0.6526315789473685,-0.15263157894736834,Market-Aligned / Other
DeAndre Carter,Bears,2023,2024,SFA,Expired,1,1.2,0.45,17,7,4,39,121.72487371479804,0.30526315789473685,0.15789473684210525,-0.1473684210526316,Market-Aligned / Other
Justin Jefferson,Vikings,2023,2024,Extension,Active,4,35.0,88.743,10,100,68,1074,839.3856967041401,1.0,0.8631578947368421,-0.13684210526315788,High-Cost / High-Production
River Cracraft,Dolphins,2023,2024,UFA,Expired,1,1.2925,0.0,6,12,9,121,171.42997279033617,0.4052631578947368,0.2736842105263158,-0.13157894736842102,Market-Aligned / Other
Collin Johnson,Bears,2023,2024,Other,Terminated,1,1.055,0.0,1,1,1,11,97.86787838584242,0.2,0.08421052631578947,-0.11578947368421054,Market-Aligned / Other
Trent Taylor,49ers,2023,2024,UFA,Terminated,1,1.125,0.0,15,2,0,0,110.99108600268943,0.2631578947368421,0.14736842105263157,-0.11578947368421053,Market-Aligned / Other
Simi Fehoko,Chargers,2023,2024,SFA,Expired,1,1.055,0.0,2,2,1,9,101.4807779337835,0.2,0.10526315789473684,-0.09473684210526317,Market-Aligned / Other
Kendrick Bourne,Patriots,2023,2024,UFA,Terminated,3,6.5,5.5,8,55,37,406,378.2590527688976,0.7578947368421053,0.6736842105263158,-0.08421052631578951,Market-Aligned / Other
Jaelon Darden,Browns,2023,2024,SFA,Claimed,1,0.985,0.0,1,0,0,0,80.28467712242136,0.10526315789473684,0.021052631578947368,-0.08421052631578947,Market-Aligned / Other
Mack Hollins,Bills,2023,2024,UFA,Expired,1,2.6,1.1,12,30,18,251,296.05571771623397,0.6105263157894737,0.5368421052631579,-0.0736842105263158,Market-Aligned / Other
Tee Higgins,Bengals,2023,2024,Franchise,Expired,1,21.816,21.816,12,76,42,656,571.8582383375584,0.8631578947368421,0.7894736842105263,-0.0736842105263158,High-Cost / High-Production
James Proche,Browns,2023,2024,UFA,Terminated,1,1.125,0.0,10,5,0,0,134.68327859569388,0.2631578947368421,0.18947368421052632,-0.07368421052631577,Market-Aligned / Other
Deonte Harty,Ravens,2023,2024,SFA,Expired,1,1.2925,1.1525,16,21,15,150,196.89693845941196,0.4052631578947368,0.3368421052631579,-0.06842105263157894,Market-Aligned / Other
Cody Thompson,Buccaneers,2023,2024,SFA,Terminated,4,0.985,0.0,2,1,1,10,82.97377198567159,0.10526315789473684,0.042105263157894736,-0.06315789473684211,Market-Aligned / Other
Jaylen Waddle,Broncos,2023,2024,Extension,Active,3,28.25,35.978546,14,104,72,1014,849.4944242340366,0.9368421052631579,0.8736842105263158,-0.06315789473684208,High-Cost / High-Production
Robbie Chosen,49ers,2023,2024,SFA,Terminated,1,1.21,0.0,6,6,4,126,170.2631936806846,0.32105263157894737,0.2631578947368421,-0.05789473684210528,Market-Aligned / Other
Parris Campbell,Eagles,2023,2024,UFA,Terminated,1,1.2925,0.4175,10,27,20,104,199.78879312243944,0.4052631578947368,0.3473684210526316,-0.05789473684210522,Market-Aligned / Other
Rashod Bateman,Ravens,2023,2024,Extension,Extended,2,6.435949,4.5,15,56,32,367,405.25315589510126,0.7473684210526316,0.6947368421052632,-0.05263157894736836,Market-Aligned / Other
Brandon Powell,Vikings,2023,2024,UFA,Expired,1,2.0,0.625,17,44,29,324,289.4419081050325,0.5421052631578948,0.49473684210526314,-0.047368421052631615,Market-Aligned / Other
Demarcus Robinson,Rams,2023,2024,UFA,Expired,1,4.0,4.0,8,39,26,371,367.5884336746646,0.6842105263157895,0.6421052631578947,-0.04210526315789476,Market-Aligned / Other
Montrell Washington,Chiefs,2023,2024,SFA,Terminated,1,0.985,0.0,4,0,0,0,89.19732052329682,0.10526315789473684,0.06315789473684211,-0.04210526315789473,Market-Aligned / Other
Nelson Agholor,Ravens,2023,2024,UFA,Expired,1,3.75,3.75,16,45,35,381,352.8737400095571,0.6631578947368421,0.6210526315789474,-0.042105263157894646,Market-Aligned / Other
D'Wayne Eskridge,Seahawks,2023,2024,Other,Terminated,1,1.055,0.0,4,1,0,0,129.52142436757666,0.2,0.16842105263157894,-0.03157894736842107,Market-Aligned / Other
Austin Trammell,Jaguars,2023,2024,UFA,Terminated,1,0.985,0.0,15,7,4,29,90.59060085822559,0.10526315789473684,0.07368421052631578,-0.031578947368421054,Market-Aligned / Other
Scott Miller,Steelers,2023,2024,SFA,Expired,1,1.2925,0.0,11,16,11,161,230.84206874114253,0.4052631578947368,0.37894736842105264,-0.02631578947368418,Market-Aligned / Other
Cedrick Wilson Jr.,Saints,2023,2024,UFA,Renegotiated,2,2.875,2.85,11,38,22,296,317.89300383871,0.6210526315789474,0.6,-0.021052631578947434,Market-Aligned / Other
Erik Ezukanma,Dolphins,2023,2024,SFA,Terminated,2,1.0425,0.0,2,1,0,0,109.10865640342993,0.15789473684210525,0.1368421052631579,-0.02105263157894735,Market-Aligned / Other
Curtis Samuel,Bills,2023,2024,UFA,Terminated,3,8.0,14.02,16,91,62,613,509.3260538073168,0.7789473684210526,0.7684210526315789,-0.010526315789473717,High-Cost / High-Production
Mason Kinsey,Titans,2023,2024,SFA,Terminated,2,0.9725,0.0,6,1,1,6,87.54938558613789,0.06315789473684211,0.05263157894736842,-0.01052631578947369,Market-Aligned / Other
Velus Jones Jr.,Panthers,2023,2024,SFA,Expired,1,0.985,0.0,13,7,4,20,98.2224881727305,0.10526315789473684,0.09473684210526316,-0.010526315789473675,Market-Aligned / Other
DeVonta Smith,Eagles,2023,2024,Extension,Active,3,25.0,33.997554,16,112,81,1066,928.906815075367,0.9157894736842105,0.9052631578947369,-0.010526315789473606,High-Cost / High-Production
Jerry Jeudy,Browns,2023,2024,Extension,Active,3,17.5,41.0,16,87,54,758,661.7703365910461,0.8421052631578947,0.8315789473684211,-0.010526315789473606,High-Cost / High-Production
Brandon Aiyuk,49ers,2023,2024,Extension,Active,4,30.0,45.0,16,105,75,1342,1074.2247334591468,0.9526315789473684,0.9473684210526315,-0.0052631578947368585,High-Cost / High-Production
CeeDee Lamb,Cowboys,2023,2024,Extension,Active,4,34.0,67.0,17,181,135,1749,1278.9123715396045,0.9894736842105263,0.9894736842105263,0.0,High-Cost / High-Production
"Michael Pittman, Jr.",Colts,2023,2024,Franchise,Traded,3,23.333333,41.0,16,156,109,1152,928.4729696545314,0.8947368421052632,0.8947368421052632,0.0,High-Cost / High-Production
Amon-Ra St. Brown,Lions,2023,2024,Extension,Active,4,30.0025,34.666,16,164,119,1515,1197.984796035017,0.968421052631579,0.968421052631579,0.0,High-Cost / High-Production
A.J. Brown,Patriots,2023,2024,Extension,Active,3,32.0,51.0,17,158,106,1456,1218.3136355216948,0.9789473684210527,0.9789473684210527,0.0,High-Cost / High-Production
Calvin Ridley,Titans,2023,2024,UFA,Renegotiated,4,23.0,46.98,17,136,76,1016,920.0403650853516,0.8842105263157894,0.8842105263157894,0.0,High-Cost / High-Production
K.J. Osborn,Patriots,2023,2024,UFA,Claimed,1,4.0,3.18,15,75,48,540,380.79046476437543,0.6842105263157895,0.6842105263157895,0.0,Market-Aligned / Other
Nico Collins,Texans,2023,2024,Extension,Extended,3,24.25,32.116,15,109,80,1297,955.241753254969,0.9052631578947369,0.9157894736842105,0.010526315789473606,High-Cost / High-Production
Jamison Crowder,Commanders,2023,2024,UFA,Expired,1,1.26,0.0,16,20,16,159,211.11643373638265,0.3473684210526316,0.35789473684210527,0.010526315789473661,Market-Aligned / Other
Trenton Irwin,Bengals,2023,2024,UFA,Terminated,1,1.5,0.25,12,32,25,316,294.7375666341597,0.5052631578947369,0.5157894736842106,0.010526315789473717,Market-Aligned / Other
KhaDarel Hodge,Falcons,2023,2024,UFA,Expired,1,1.2925,0.1675,14,23,14,232,238.91055534494615,0.4052631578947368,0.42105263157894735,0.01578947368421052,Market-Aligned / Other
Gabriel Davis,Jaguars,2023,2024,UFA,June 1 Terminated,3,13.0,24.0,16,81,45,746,646.4711830532694,0.8052631578947368,0.8210526315789474,0.015789473684210575,High-Cost / High-Production
Courtland Sutton,Broncos,2023,2024,Other,Extended,2,13.75,0.0,16,90,59,772,747.8592883094503,0.8210526315789474,0.8421052631578947,0.021052631578947323,High-Cost / High-Production
Josh Reynolds,Broncos,2023,2024,UFA,Claimed,2,4.5,4.245,16,64,40,608,469.48120680014523,0.7157894736842105,0.7368421052631579,0.021052631578947323,Market-Aligned / Other
Tyler Lockett,Seahawks,2023,2024,Other,Terminated,2,15.0,12.66,17,122,79,894,798.1819833317568,0.8315789473684211,0.8526315789473684,0.021052631578947323,High-Cost / High-Production
Bennett Skowronek,Steelers,2023,2024,SFA,Expired,1,1.055,0.0,13,12,8,66,145.50616910835242,0.2,0.22105263157894736,0.02105263157894735,Market-Aligned / Other
Olamide Zaccheaus,Commanders,2023,2024,UFA,Expired,1,1.2925,0.38,11,20,10,164,240.06687031340215,0.4052631578947368,0.43157894736842106,0.026315789473684237,Market-Aligned / Other
Noah Brown,Texans,2023,2024,UFA,Terminated,1,4.0,3.0,10,55,33,567,436.2230706733821,0.6842105263157895,0.7157894736842105,0.03157894736842104,Market-Aligned / Other
D.J. Moore,Bills,2023,2024,Extension,Active,4,27.5,43.65,17,136,96,1364,1159.1517913426537,0.9263157894736842,0.9578947368421052,0.03157894736842104,High-Cost / High-Production
Marquise Brown,Chiefs,2023,2024,UFA,Expired,1,7.0,6.5,13,101,51,574,595.7691309086056,0.7684210526315789,0.8,0.03157894736842115,High-Cost / High-Production
Jalen Reagor,Patriots,2023,2024,UFA,Terminated,1,1.2925,0.4425,9,23,7,138,240.5317239182969,0.4052631578947368,0.4421052631578947,0.0368421052631579,Market-Aligned / Other
Tyreek Hill,Dolphins,2023,2024,Extension,Terminated,3,30.0,54.0,16,171,119,1799,1313.0414041192764,0.9526315789473684,1.0,0.047368421052631615,High-Cost / High-Production
Stefon Diggs,Texans,2023,2024,Other,Expired,1,22.52,22.015,17,160,107,1183,1021.9185421430201,0.8736842105263158,0.9368421052631579,0.06315789473684208,High-Cost / High-Production
David Bell,Browns,2023,2024,SFA,Reserve,2,1.253285,0.0,9,23,14,167,232.89273813639124,0.3368421052631579,0.4,0.06315789473684214,Market-Aligned / Other
Nick Westbrook-Ikhine,Titans,2023,2024,UFA,Expired,1,2.0,0.75,13,45,28,370,339.624061454916,0.5421052631578948,0.6105263157894737,0.06842105263157894,Market-Aligned / Other
Darius Slayton,Giants,2023,2024,Other,Expired,1,6.2,0.0,17,79,50,770,601.9606136408452,0.7368421052631579,0.8105263157894737,0.0736842105263158,Market-Aligned / Other
Mike Evans,Buccaneers,2023,2024,UFA,Expired,2,20.5,29.0,17,136,79,1255,1012.0884015051396,0.8526315789473684,0.9263157894736842,0.0736842105263158,High-Cost / High-Production
Tim Jones,Jaguars,2023,2024,ERFA,Expired,1,0.985,0.0,10,18,11,83,131.6449449598258,0.10526315789473684,0.17894736842105263,0.0736842105263158,Market-Aligned / Other
Allen Robinson,Giants,2023,2024,SFA,Terminated,1,1.31,0.025,15,49,34,280,300.93125755040495,0.4631578947368421,0.5473684210526316,0.08421052631578951,Market-Aligned / Other
Marquez Valdes-Scantling,Bills,2023,2024,SFA,Terminated,1,2.25,2.25,16,42,21,315,375.5786129448106,0.5736842105263158,0.6631578947368421,0.08947368421052626,Market-Aligned / Other
Deven Thompkins,Buccaneers,2023,2024,ERFA,Terminated,1,0.985,0.0,17,25,17,83,135.18808487137508,0.10526315789473684,0.2,0.09473684210526317,Market-Aligned / Other
D.J. Chark,Chargers,2023,2024,SFA,Expired,1,3.0,2.065,14,66,35,525,477.5308246644184,0.6368421052631579,0.7473684210526316,0.1105263157894737,Market-Aligned / Other
Odell Beckham Jr.,Dolphins,2023,2024,SFA,Terminated,1,3.0,3.0,14,64,35,565,482.2254217871824,0.6368421052631579,0.7578947368421053,0.12105263157894741,Market-Aligned / Other
Rashid Shaheed,Seahawks,2023,2024,ERFA,Expired,2,3.0925,1.0,15,75,46,719,562.1241060813767,0.6526315789473685,0.7789473684210526,0.12631578947368416,Market-Aligned / Other
Zay Jones,Cardinals,2023,2024,SFA,Expired,1,2.25,1.15,9,64,34,321,430.51029406195045,0.5736842105263158,0.7052631578947368,0.13157894736842102,Market-Aligned / Other
Tyler Boyd,Titans,2023,2024,SFA,Expired,1,2.4,1.2,17,98,67,667,451.1505377713298,0.5894736842105263,0.7263157894736842,0.136842105263158,Market-Aligned / Other
Lil'Jordan Humphrey,Broncos,2023,2024,UFA,Terminated,1,1.125,0.0,11,19,13,162,236.66965525868454,0.2631578947368421,0.4105263157894737,0.1473684210526316,Market-Aligned / Other
Van Jefferson,Steelers,2023,2024,UFA,Expired,1,1.2925,0.1675,14,43,20,209,301.2180573712273,0.4052631578947368,0.5578947368421052,0.1526315789473684,Market-Aligned / Other
Justyn Ross,Chiefs,2023,2024,Practice,Expired,1,0.301666,0.0,6,11,6,53,142.72000490472803,0.031578947368421054,0.21052631578947367,0.17894736842105263,Market-Aligned / Other
Greg Dortch,Cardinals,2023,2024,ERFA,Expired,1,1.125,0.0,16,41,24,280,248.5648528039488,0.2631578947368421,0.4631578947368421,0.2,Market-Aligned / Other
Mecole Hardman,Chiefs,2023,2024,SFA,Expired,1,1.125,0.0,7,24,15,124,269.14903576898706,0.2631578947368421,0.47368421052631576,0.21052631578947367,Market-Aligned / Other
Terrace Marshall Jr.,Raiders,2023,2024,SFA,Expired,1,1.055,0.0,8,33,19,139,273.7496058859737,0.2,0.4842105263157895,0.28421052631578947,Market-Aligned / Other
JuJu Smith-Schuster,Chiefs,2023,2024,SFA,Expired,1,1.21,0.0,11,47,29,260,354.13532166213867,0.32105263157894737,0.631578947368421,0.31052631578947365,Market-Aligned / Other
Ronnie Bell,49ers,2023,2024,Practice,Expired,1,0.225,0.0,13,13,6,68,191.8875886978846,0.015789473684210527,0.3263157894736842,0.3105263157894737,Market-Aligned / Other
Kadarius Toney,Browns,2023,2024,SFA,Terminated,1,1.055,0.0,13,38,27,169,295.65493462551143,0.2,0.5263157894736842,0.32631578947368417,Market-Aligned / Other
Alex Erickson,Texans,2023,2024,Practice,Expired,1,0.3834,0.0,8,29,16,232,231.62917210290075,0.05263157894736842,0.3894736842105263,0.3368421052631579,Market-Aligned / Other
Isaiah Hodgins,Giants,2023,2024,SFA,Terminated,1,1.035,0.325,14,33,21,230,307.46442955035303,0.14736842105263157,0.5789473684210527,0.43157894736842106,Market-Aligned / Other
Tyquan Thornton,Chiefs,2023,2024,Practice,Expired,1,0.225,0.0,9,23,13,91,243.10841400107327,0.015789473684210527,0.45263157894736844,0.4368421052631579,Market-Aligned / Other
Brandon Johnson,Steelers,2023,2024,Practice,Expired,1,0.351666,0.0,10,30,19,284,314.27697899765843,0.042105263157894736,0.5894736842105263,0.5473684210526315,Market-Aligned / Other
Trent Sherfield,Broncos,2024,2025,UFA,Terminated,2,3.0,3.25,13,9,8,83,119.6462287724104,0.6526315789473685,0.22105263157894736,-0.43157894736842106,Market-Aligned / Other
Tim Jones,Vikings,2024,2025,SFA,Terminated,1,1.87,0.5,8,5,3,41,107.06931907145058,0.5368421052631579,0.16842105263157894,-0.368421052631579,Market-Aligned / Other
Marquise Brown,Chiefs,2024,2025,UFA,Expired,1,7.0,6.5,2,15,9,91,208.7969217637446,0.7894736842105263,0.4421052631578947,-0.3473684210526316,High-Cost / Lower-Production Review
Ashton Dulin,Colts,2024,2025,UFA,Active,2,3.25,2.94,13,8,2,67,155.08288627490177,0.6789473684210526,0.3368421052631579,-0.34210526315789475,Market-Aligned / Other
Braxton Berrios,Texans,2024,2025,UFA,Expired,1,1.8,0.3,6,4,0,0,117.65157462939702,0.5263157894736842,0.21052631578947367,-0.3157894736842105,Market-Aligned / Other
Steven Sims,Seahawks,2024,2025,UFA,Terminated,1,1.17,0.0,9,0,0,0,51.528097202484204,0.3157894736842105,0.010526315789473684,-0.30526315789473685,Market-Aligned / Other
Bennett Skowronek,Steelers,2024,2025,UFA,Active,2,2.25,1.08,9,5,5,69,128.2366512244734,0.5578947368421052,0.2736842105263158,-0.2842105263157894,Market-Aligned / Other
Robbie Chosen,Commanders,2024,2025,SFA,Terminated,1,1.255,0.0,1,4,1,5,104.22439299427437,0.35789473684210527,0.11578947368421053,-0.24210526315789474,Market-Aligned / Other
River Cracraft,Seahawks,2024,2025,UFA,Terminated,1,1.17,0.0,5,9,7,66,96.32632886487605,0.3157894736842105,0.07368421052631578,-0.2421052631578947,Market-Aligned / Other
Velus Jones Jr.,Saints,2024,2025,SFA,Terminated,1,1.15,0.0,2,1,1,8,80.96794212366734,0.2631578947368421,0.042105263157894736,-0.22105263157894736,Market-Aligned / Other
Zay Jones,Cardinals,2024,2025,UFA,Expired,1,2.4,1.3,6,11,8,84,156.21901349638696,0.5684210526315789,0.3473684210526316,-0.22105263157894733,Market-Aligned / Other
KhaDarel Hodge,Falcons,2024,2025,UFA,Terminated,2,2.75,2.505,11,12,7,131,181.96613165411097,0.6263157894736842,0.4105263157894737,-0.21578947368421048,Market-Aligned / Other
DeAndre Carter,Browns,2024,2025,UFA,Expired,1,1.4225,0.7675,13,14,9,72,120.38983942497825,0.4421052631578947,0.23157894736842105,-0.21052631578947367,Market-Aligned / Other
Stefon Diggs,Patriots,2024,2025,UFA,Terminated,3,21.166667,16.6,8,64,47,496,405.5087312483719,0.9052631578947369,0.7052631578947368,-0.20000000000000007,Market-Aligned / Other
Kalif Raymond,Lions,2024,2025,Other,Expired,1,4.0,3.33,12,22,17,215,252.9689134497174,0.7210526315789474,0.5263157894736842,-0.1947368421052632,Market-Aligned / Other
Britain Covey,Eagles,2024,2025,SFA,Active,2,1.1575,0.0,5,8,7,34,96.8348934902091,0.2789473684210526,0.08421052631578947,-0.19473684210526315,Market-Aligned / Other
James Proche,Titans,2024,2025,UFA,Terminated,1,1.17,0.0,9,3,3,21,104.54141029759647,0.3157894736842105,0.12631578947368421,-0.1894736842105263,Market-Aligned / Other
Tom Kennedy,Lions,2024,2025,SFA,Terminated,1,1.1,0.0,3,1,0,0,93.90440280861588,0.23684210526315788,0.05263157894736842,-0.18421052631578946,Market-Aligned / Other
Deven Thompkins,Falcons,2024,2025,SFA,Terminated,2,1.1575,0.0,5,4,4,20,99.77047636437611,0.2789473684210526,0.09473684210526316,-0.18421052631578944,Market-Aligned / Other
Dyami Brown,Jaguars,2024,2025,UFA,Expired,1,10.0,9.5,15,40,30,308,349.1932813334312,0.8210526315789474,0.6421052631578947,-0.17894736842105263,Market-Aligned / Other
Greg Dortch,Cardinals,2024,2025,RFA,Expired,1,3.263,0.0,17,50,37,342,285.54092308790325,0.6947368421052632,0.5368421052631579,-0.1578947368421053,Market-Aligned / Other
Josh Reynolds,Jets,2024,2025,SFA,Expired,1,2.75,2.0,8,24,13,194,217.57639422795737,0.6263157894736842,0.4842105263157895,-0.14210526315789468,Market-Aligned / Other
Parris Campbell,Cowboys,2024,2025,UFA,Terminated,1,1.3375,0.1675,4,8,6,30,127.79852994082744,0.4,0.2631578947368421,-0.13684210526315793,Market-Aligned / Other
Kavontae Turpin,Cowboys,2024,2025,RFA,Active,3,4.5,5.0,17,52,31,420,324.8741913816578,0.7578947368421053,0.631578947368421,-0.12631578947368427,Market-Aligned / Other
Darius Slayton,Giants,2024,2025,UFA,Active,3,12.0,22.0,16,71,39,573,466.267104771466,0.8526315789473684,0.7368421052631579,-0.11578947368421055,Market-Aligned / Other
Brandin Cooks,Saints,2024,2025,UFA,Terminated,2,6.5,7.75,10,54,26,259,363.60008078604426,0.7789473684210526,0.6631578947368421,-0.11578947368421055,Market-Aligned / Other
Xavier Gipson,Giants,2024,2025,SFA,Active,2,1.0875,0.0,17,10,6,39,101.75301826827797,0.2,0.10526315789473684,-0.09473684210526317,Market-Aligned / Other
Isaiah Hodgins,49ers,2024,2025,SFA,Terminated,1,1.1,0.0,2,2,2,12,105.04575917366807,0.23684210526315788,0.14736842105263157,-0.08947368421052632,Market-Aligned / Other
Scott Miller,Steelers,2024,2025,SFA,Expired,1,1.3375,0.0,6,9,5,69,147.7257995640012,0.4,0.3157894736842105,-0.08421052631578951,Market-Aligned / Other
Devin Duvernay,Bears,2024,2025,SFA,Terminated,1,1.3375,0.1675,13,16,11,79,152.97290827058754,0.4,0.3263157894736842,-0.0736842105263158,Market-Aligned / Other
D'Wayne Eskridge,Dolphins,2024,2025,UFA,Expired,1,1.27,0.0,5,3,3,44,137.37541009559843,0.3684210526315789,0.29473684210526313,-0.0736842105263158,Market-Aligned / Other
Chris Godwin,Buccaneers,2024,2025,UFA,Active,3,22.0,44.0,7,62,50,576,559.2915698476462,0.9210526315789473,0.8631578947368421,-0.05789473684210522,High-Cost / High-Production
Tylan Wallace,Ravens,2024,2025,UFA,Expired,1,2.1,1.35,12,12,11,193,221.07809191865417,0.5473684210526316,0.49473684210526314,-0.052631578947368474,Market-Aligned / Other
Mason Kinsey,Titans,2024,2025,SFA,Active,2,1.0875,0.0,6,2,2,17,105.2756680267486,0.2,0.15789473684210525,-0.04210526315789476,Market-Aligned / Other
Isaiah Williams,Jets,2024,2025,SFA,Terminated,2,1.0175,0.0,8,3,2,6,95.86637371702852,0.10526315789473684,0.06315789473684211,-0.04210526315789473,Market-Aligned / Other
Mecole Hardman,Packers,2024,2025,UFA,Terminated,1,1.5,0.15,12,14,12,90,188.70371275939257,0.47368421052631576,0.43157894736842106,-0.0421052631578947,Market-Aligned / Other
Simi Fehoko,Cardinals,2024,2025,UFA,Terminated,1,1.75,1.25,6,16,6,106,217.27345109941044,0.5052631578947369,0.47368421052631576,-0.031578947368421095,Market-Aligned / Other
Kaden Davis,Browns,2024,2025,SFA,Terminated,1,0.84,0.0,1,0,0,0,64.96128141143876,0.05263157894736842,0.021052631578947368,-0.031578947368421054,Market-Aligned / Other
Mack Hollins,Patriots,2024,2025,UFA,Active,2,4.2,3.5,17,50,31,378,429.74819087460503,0.7473684210526316,0.7157894736842105,-0.03157894736842104,Market-Aligned / Other
D.K. Metcalf,Steelers,2024,2025,Extension,Active,4,32.999882,60.000471,15,108,66,992,888.5332738668986,0.9894736842105263,0.9578947368421052,-0.03157894736842104,High-Cost / High-Production
Adam Thielen,Panthers,2024,2025,Other,Traded,1,8.75,1.5,10,62,48,615,488.5917463565759,0.8,0.7789473684210526,-0.021052631578947434,High-Cost / High-Production
Courtland Sutton,Broncos,2024,2025,Extension,Active,4,23.0,40.0,16,135,81,1081,837.3623306305268,0.9368421052631579,0.9157894736842105,-0.021052631578947434,High-Cost / High-Production
Brycen Tremayne,Panthers,2024,2025,SFA,Expired,1,0.84,0.0,2,1,1,-2,68.04645158348416,0.05263157894736842,0.031578947368421054,-0.021052631578947364,Market-Aligned / Other
Tutu Atwell,Rams,2024,2025,UFA,Expired,1,10.0,10.0,15,62,42,562,494.0787359396213,0.8210526315789474,0.8,-0.021052631578947323,High-Cost / High-Production
Tim Patrick,Jaguars,2024,2025,UFA,Expired,1,2.5,2.5,15,44,33,394,304.15914062414777,0.5947368421052631,0.5789473684210527,-0.015789473684210464,Market-Aligned / Other
Tee Higgins,Bengals,2024,2025,Franchise,Active,4,28.75,30.0,12,109,73,911,873.3079785205726,0.9578947368421052,0.9473684210526315,-0.010526315789473717,High-Cost / High-Production
Cooper Kupp,Seahawks,2024,2025,SFA,Active,3,15.0,17.5,12,100,67,710,638.6268898187101,0.8842105263157894,0.8736842105263158,-0.010526315789473606,High-Cost / High-Production
Christian Watson,Packers,2024,2025,Extension,Extended,1,11.0,6.067078,14,53,29,620,518.9827016370792,0.8421052631578947,0.8315789473684211,-0.010526315789473606,High-Cost / High-Production
Jameson Williams,Lions,2024,2025,Extension,Active,3,26.666667,30.579154,15,91,58,1001,872.6438119321273,0.9473684210526315,0.9368421052631579,-0.010526315789473606,High-Cost / High-Production
Justin Watson,Texans,2024,2025,UFA,Active,2,2.5,3.0,15,32,22,289,305.17055130847166,0.5947368421052631,0.5894736842105263,-0.0052631578947368585,Market-Aligned / Other
Ja'Marr Chase,Bengals,2024,2025,Extension,Active,4,40.25,73.9,17,175,127,1708,1169.9005218855186,1.0,1.0,0.0,High-Cost / High-Production
Noah Brown,Commanders,2024,2025,UFA,Expired,1,3.25,2.47,11,56,35,453,388.5283488678288,0.6789473684210526,0.6842105263157895,0.0052631578947368585,Market-Aligned / Other
Marquez Valdes-Scantling,Seahawks,2024,2025,UFA,Terminated,1,4.0,3.0,13,44,19,411,459.5497663116203,0.7210526315789474,0.7263157894736842,0.0052631578947368585,Market-Aligned / Other
Khalil Shakir,Bills,2024,2025,Extension,Active,4,13.25,18.1,15,100,76,821,665.2150270430467,0.8736842105263158,0.8842105263157894,0.010526315789473606,High-Cost / High-Production
Garrett Wilson,Jets,2024,2025,Extension,Active,4,32.5,38.324819,17,154,101,1104,964.5711579924152,0.9789473684210527,0.9894736842105263,0.010526315789473606,High-Cost / High-Production
Terry McLaurin,Commanders,2024,2025,Extension,Active,3,29.0,44.65,17,117,82,1096,960.8285054196776,0.968421052631579,0.9789473684210527,0.010526315789473717,High-Cost / High-Production
Josh Palmer,Bills,2024,2025,UFA,Active,3,10.0,15.0,15,65,39,584,542.3646852533697,0.8210526315789474,0.8421052631578947,0.021052631578947323,High-Cost / High-Production
Tyler Lockett,Titans,2024,2025,SFA,Terminated,1,4.0,3.49,17,74,49,600,471.4301747009459,0.7210526315789474,0.7473684210526316,0.02631578947368418,Market-Aligned / Other
Cody White,Seahawks,2024,2025,SFA,Terminated,1,1.03,0.0,2,3,2,44,107.90164697554933,0.15263157894736842,0.17894736842105263,0.02631578947368421,Market-Aligned / Other
Rashod Bateman,Ravens,2024,2025,Extension,Active,3,12.25,16.5,16,72,45,756,713.4871727579712,0.8631578947368421,0.8947368421052632,0.03157894736842104,High-Cost / High-Production
Jakobi Meyers,Jaguars,2024,2025,Extension,Active,3,20.0,30.0,15,129,87,1027,851.4568324290977,0.8947368421052632,0.9263157894736842,0.03157894736842104,High-Cost / High-Production
Austin Trammell,Jaguars,2024,2025,SFA,Terminated,1,1.03,0.0,1,3,2,40,112.49341751265514,0.15263157894736842,0.18947368421052632,0.0368421052631579,Market-Aligned / Other
Kendrick Bourne,49ers,2024,2025,SFA,Expired,1,1.765,1.255,12,38,28,305,295.0259706431148,0.5157894736842106,0.5578947368421052,0.042105263157894646,Market-Aligned / Other
Davante Adams,Rams,2024,2025,SFA,Active,2,22.0,26.0,14,141,85,1063,903.3654102344832,0.9210526315789473,0.968421052631579,0.047368421052631615,High-Cost / High-Production
Jamari Thrash,Browns,2024,2025,SFA,Expired,1,0.96,0.0,6,7,3,22,104.54142684614266,0.07894736842105263,0.1368421052631579,0.05789473684210528,Market-Aligned / Other
Dante Pettis,Saints,2024,2025,UFA,Terminated,1,1.3375,0.0,8,28,12,120,216.31405176039564,0.4,0.4631578947368421,0.06315789473684208,Market-Aligned / Other
Demarcus Robinson,49ers,2024,2025,UFA,Active,2,4.0,6.0,17,64,31,505,492.38104608600327,0.7210526315789474,0.7894736842105263,0.06842105263157894,Market-Aligned / Other
DeAndre Hopkins,Ravens,2024,2025,UFA,Expired,1,5.0,5.0,16,80,56,610,552.2894186230908,0.7684210526315789,0.8526315789473684,0.08421052631578951,High-Cost / High-Production
Alex Bachman,Raiders,2024,2025,SFA,Terminated,1,1.03,0.0,5,3,3,31,126.7692841805669,0.15263157894736842,0.25263157894736843,0.1,Market-Aligned / Other
Ronnie Bell,Saints,2024,2025,SFA,Active,2,1.0525,0.0,4,6,2,22,133.32999772767946,0.17894736842105263,0.28421052631578947,0.10526315789473684,Market-Aligned / Other
Nick Westbrook-Ikhine,Dolphins,2024,2025,UFA,Terminated,2,2.995,3.2,14,60,32,497,480.5772134222701,0.6421052631578947,0.7684210526315789,0.12631578947368416,Market-Aligned / Other
JuJu Smith-Schuster,Chiefs,2024,2025,UFA,Expired,1,1.4225,1.1975,11,26,18,231,297.29440308339224,0.4421052631578947,0.5684210526315789,0.12631578947368421,Market-Aligned / Other
Van Jefferson,Titans,2024,2025,UFA,Expired,1,1.67,1.17,15,40,24,276,322.357199046026,0.49473684210526314,0.6210526315789474,0.12631578947368427,Market-Aligned / Other
Tyler Johnson,Jets,2024,2025,UFA,Terminated,1,1.3375,0.3675,11,41,26,291,292.9565128372375,0.4,0.5473684210526316,0.1473684210526316,Market-Aligned / Other
Tyquan Thornton,Chiefs,2024,2025,SFA,Expired,1,1.1,0.0,4,8,4,47,175.76618045207024,0.23684210526315788,0.3894736842105263,0.15263157894736842,Market-Aligned / Other
Malachi Corley,Browns,2024,2025,SFA,Expired,1,0.96,0.0,5,6,3,16,121.32778637616501,0.07894736842105263,0.24210526315789474,0.1631578947368421,Market-Aligned / Other
Treylon Burks,Commanders,2024,2025,SFA,Expired,1,1.1,0.0,5,8,4,34,176.49591668500042,0.23684210526315788,0.4,0.16315789473684214,Market-Aligned / Other
Elijah Moore,Bills,2024,2025,UFA,Terminated,1,2.5,2.5,17,102,61,538,473.9094577022732,0.5947368421052631,0.7578947368421053,0.16315789473684217,Market-Aligned / Other
Chris Blair,Falcons,2024,2025,Practice,Expired,1,0.354999,0.0,2,2,1,17,117.20345834790433,0.021052631578947368,0.2,0.17894736842105263,Market-Aligned / Other
Cedrick Wilson Jr.,Saints,2024,2025,Other,Terminated,1,1.17,0.342,13,27,20,211,241.68456316067557,0.3157894736842105,0.5052631578947369,0.18947368421052635,Market-Aligned / Other
Olamide Zaccheaus,Bears,2024,2025,UFA,Expired,1,1.5,0.75,16,64,45,506,383.7420846285859,0.47368421052631576,0.6736842105263158,0.2,Market-Aligned / Other
Ryan Flournoy,Cowboys,2024,2025,SFA,Active,2,1.0175,0.0,9,14,10,102,145.35692646681457,0.10526315789473684,0.30526315789473685,0.2,Market-Aligned / Other
Bo Melton,Packers,2024,2025,ERFA,Expired,1,1.03,0.0,13,17,8,91,161.540122301845,0.15263157894736842,0.35789473684210527,0.20526315789473684,Market-Aligned / Other
David Moore,Panthers,2024,2025,UFA,Expired,1,1.4225,0.5635,15,57,32,351,357.6981105277836,0.4421052631578947,0.6526315789473685,0.21052631578947373,Market-Aligned / Other
Allen Lazard,Jets,2024,2025,Other,Terminated,1,2.5,1.75,12,60,37,530,501.45423093373694,0.5947368421052631,0.8105263157894737,0.21578947368421053,Market-Aligned / Other
Sterling Shepard,Buccaneers,2024,2025,UFA,Expired,1,1.5,0.5,13,51,32,334,395.97858654205,0.47368421052631576,0.6947368421052632,0.22105263157894744,Market-Aligned / Other
Tyrell Shavers,Bills,2024,2025,SFA,Active,2,1.021,0.007,1,1,1,69,162.7986241722077,0.12631578947368421,0.3684210526315789,0.2421052631578947,Market-Aligned / Other
Keenan Allen,Chargers,2024,2025,SFA,Expired,1,3.02,2.255,15,121,70,744,744.7398573559777,0.6631578947368421,0.9052631578947369,0.24210526315789482,Market-Aligned / Other
Lil'Jordan Humphrey,Giants,2024,2025,UFA,Terminated,1,1.245,0.025,14,45,31,293,308.2535162503076,0.3473684210526316,0.6,0.2526315789473684,Market-Aligned / Other
Gabriel Davis,Bills,2024,2025,SFA,Expired,1,1.17,0.0,10,42,20,239,308.3024250445989,0.3157894736842105,0.6105263157894737,0.2947368421052632,Market-Aligned / Other
Jalen Brooks,Cardinals,2024,2025,SFA,Active,2,1.0875,0.0,12,30,12,177,247.8771120895955,0.2,0.5157894736842106,0.31578947368421056,Market-Aligned / Other
Tay Martin,Commanders,2024,2025,SFA,Terminated,1,0.84,0.0,1,2,1,49,173.17985815857188,0.05263157894736842,0.37894736842105264,0.3263157894736842,Market-Aligned / Other
Kevin Austin Jr.,Saints,2024,2025,SFA,Active,2,1.0175,0.0,8,22,11,151,215.81753948993241,0.10526315789473684,0.45263157894736844,0.3473684210526316,Market-Aligned / Other
D.J. Turner,Raiders,2024,2025,Practice,Elevated,1,0.396,0.0,12,29,16,158,182.49017420903908,0.031578947368421054,0.42105263157894735,0.3894736842105263,Market-Aligned / Other
Ray-Ray McCloud,Giants,2024,2025,Practice,Terminated,1,0.315,0.0,17,87,62,686,517.3399857817411,0.010526315789473684,0.8210526315789474,0.8105263157894737,Lower-Cost / High-Production Value
